"year","race","opioid_type","std_rate","var"
1979,"black","opioid",0.619179483966348,0.00272385333570785
1980,"black","opioid",0.710318356692294,0.00322366168675965
1981,"black","opioid",0.726082048640906,0.00330896787020388
1982,"black","opioid",0.969757387228675,0.00427604483979432
1983,"black","opioid",0.830586328933422,0.00363831434512532
1984,"black","opioid",0.943419216342413,0.00396775516810087
1985,"black","opioid",1.07237604479426,0.00446557217842025
1986,"black","opioid",1.22214931503005,0.00497890659690251
1987,"black","opioid",1.22076190800949,0.00506036328577421
1988,"black","opioid",1.70395886134037,0.00678469930537522
1989,"black","opioid",1.88099823538126,0.00718157768370006
1990,"black","opioid",1.52870219239083,0.00570478166597988
1991,"black","opioid",1.73914521225785,0.006507584907961
1992,"black","opioid",2.12686527512079,0.00780855422794527
1993,"black","opioid",2.81868243412127,0.00998014237416213
1994,"black","opioid",2.92634671718436,0.010374749987727
1995,"black","opioid",3.13055504386927,0.0108687737003961
1996,"black","opioid",2.6521543215188,0.0088219936544598
1997,"black","opioid",2.73389946732348,0.00885268198062638
1998,"black","opioid",2.80939269562375,0.00896429713462982
1999,"black","opioid",3.5262066787667,0.0108761127932775
2000,"black","opioid",3.44416371039812,0.0102903593949613
2001,"black","opioid",3.34885508843172,0.00982845633724734
2002,"black","opioid",3.60325610388669,0.0104036976604959
2003,"black","opioid",3.45568627552553,0.00980332957715459
2004,"black","opioid",3.1545327001084,0.00878004387487803
2005,"black","opioid",3.4170037919598,0.00937270135627341
2006,"black","opioid",4.15387385328595,0.011202344770523
2007,"black","opioid",3.51995908092093,0.00930425342914844
2008,"black","opioid",3.39447038195654,0.0088312978587834
2009,"black","opioid",3.55758132113167,0.00913758674876109
2010,"black","opioid",3.33422302522464,0.00837334049255172
2011,"black","opioid",3.70388985455669,0.00922008900223295
2012,"black","opioid",4.00593307648678,0.00986156272805724
2013,"black","opioid",4.62982631194946,0.0112073702856205
2014,"black","opioid",5.54462997233657,0.0134136495980514
2015,"black","opioid",6.5622910598968,0.0157525045917747
2016,"black","opioid",10.278922964379,0.0242388434311588
1979,"total","opioid",0.455933622061378,0.000213095378068469
1980,"total","opioid",0.426434012913029,0.000198527213625441
1981,"total","opioid",0.459580280824699,0.000211999770954283
1982,"total","opioid",0.56734298352616,0.000252789178626272
1983,"total","opioid",0.55074547606478,0.000242733165217267
1984,"total","opioid",0.596439783668412,0.000258416686810331
1985,"total","opioid",0.738573125663092,0.000316987972139058
1986,"total","opioid",0.8241116884118,0.000348868091427172
1987,"total","opioid",0.699362990465694,0.00029616753945693
1988,"total","opioid",0.88027650574562,0.000368036047096272
1989,"total","opioid",0.997880820730787,0.000413761420097412
1990,"total","opioid",0.906549082629331,0.000366531594126251
1991,"total","opioid",0.99571600128271,0.000399507907415916
1992,"total","opioid",1.34520805802145,0.000533673057766802
1993,"total","opioid",1.76251508122366,0.000689427914776679
1994,"total","opioid",1.79642149792886,0.000696048110920319
1995,"total","opioid",1.96053064617304,0.000748613739322103
1996,"total","opioid",1.96612815152062,0.000741859019872421
1997,"total","opioid",2.18639545692514,0.000815247885510042
1998,"total","opioid",2.49596597594203,0.000922890567061358
1999,"total","opioid",2.94390595559302,0.00107785490775762
2000,"total","opioid",2.97492072535282,0.00105449913955711
2001,"total","opioid",3.32340580402489,0.00116481846471704
2002,"total","opioid",4.13968589812363,0.00144089834077381
2003,"total","opioid",4.45561965697897,0.00153953957132076
2004,"total","opioid",4.68551418417904,0.00160478280686465
2005,"total","opioid",5.0239715114944,0.00170493900635591
2006,"total","opioid",5.84216785190438,0.00196649292818048
2007,"total","opioid",6.11371828842139,0.00204622104161786
2008,"total","opioid",6.40700589530154,0.0021319010756624
2009,"total","opioid",6.62095426832644,0.00219199390076185
2010,"total","opioid",6.79291288851582,0.00224264508574349
2011,"total","opioid",7.30038613465286,0.00240558565668221
2012,"total","opioid",7.37244204068277,0.0024201450614185
2013,"total","opioid",7.89129020014387,0.00257280515961098
2014,"total","opioid",8.9993257473691,0.00293381297408861
2015,"total","opioid",10.3778220036428,0.00338331714107676
2016,"total","opioid",13.2192040135278,0.00430431389110388
1979,"white","opioid",0.440079827290817,0.000234725502043832
1980,"white","opioid",0.397435328644055,0.000211367417436028
1981,"white","opioid",0.43467821949982,0.000228358795955912
1982,"white","opioid",0.525961807280495,0.000268247112389432
1983,"white","opioid",0.523303487583238,0.000263857563421029
1984,"white","opioid",0.565020978360238,0.000281601067935638
1985,"white","opioid",0.712886883070526,0.000352486123275833
1986,"white","opioid",0.794460265982717,0.00038999661722137
1987,"white","opioid",0.647246857120724,0.000316885533189089
1988,"white","opioid",0.798316131444073,0.000388169385546022
1989,"white","opioid",0.911774487462811,0.000442348543539859
1990,"white","opioid",0.848722124337243,0.000402369345562183
1991,"white","opioid",0.934883054752985,0.000439742529816029
1992,"white","opioid",1.28901056411549,0.000602761571470909
1993,"white","opioid",1.69095024349744,0.000784118018527052
1994,"white","opioid",1.71162937179039,0.000787016384730434
1995,"white","opioid",1.8801561782013,0.000854907471654931
1996,"white","opioid",1.9522725428496,0.00088162916701102
1997,"white","opioid",2.2004407494291,0.000986953951330256
1998,"white","opioid",2.56444143281112,0.00114496619956465
1999,"white","opioid",3.00772429996165,0.00133493920385006
2000,"white","opioid",3.10459072641219,0.00135386574716753
2001,"white","opioid",3.55661686445071,0.00154070542326278
2002,"white","opioid",4.51861011030557,0.00195226859881486
2003,"white","opioid",4.94387703635262,0.00213028751653389
2004,"white","opioid",5.27808437552261,0.0022657756712418
2005,"white","opioid",5.66380788986067,0.00241988964423468
2006,"white","opioid",6.6006665533166,0.00281211967780465
2007,"white","opioid",7.05550977031512,0.00300247012363518
2008,"white","opioid",7.44833526783619,0.00316612379507313
2009,"white","opioid",7.68839820200395,0.00326351891772221
2010,"white","opioid",7.99603854536823,0.00340494208078284
2011,"white","opioid",8.58946741680658,0.00366534356707361
2012,"white","opioid",8.64554809403203,0.00369026172721526
2013,"white","opioid",9.2477078882842,0.00393809485545413
2014,"white","opioid",10.5314456089186,0.00450054789288653
2015,"white","opioid",12.1922371108285,0.0052370040988645
2016,"white","opioid",15.2791162520186,0.0065998685822741
1979,"black","drug",3.80894230941861,0.0186816902529404
1980,"black","drug",4.08694872573583,0.0207892342191479
1981,"black","drug",4.38050026879039,0.0216818762954657
1982,"black","drug",4.32233183530161,0.0203426797848415
1983,"black","drug",3.96852375407774,0.0189497756605272
1984,"black","drug",4.64761036318899,0.0210544359854947
1985,"black","drug",4.68645326162972,0.0209150229178435
1986,"black","drug",5.62711673903369,0.0245948587087576
1987,"black","drug",6.04322176853538,0.025318572522069
1988,"black","drug",7.05517104213188,0.0286113764940358
1989,"black","drug",7.46833488073464,0.0297476504228008
1990,"black","drug",5.73098762504202,0.0225661838609078
1991,"black","drug",7.07072458522344,0.0270490833965216
1992,"black","drug",7.57354598417163,0.0283309802154849
1993,"black","drug",9.22524232782771,0.0334364277884912
1994,"black","drug",9.66759110888955,0.0346830981273334
1995,"black","drug",9.5193785112909,0.0331798305596937
1996,"black","drug",9.0230615606396,0.0305554909876602
1997,"black","drug",9.48050474211778,0.0315239982300909
1998,"black","drug",9.71421953694392,0.0317027683380368
1999,"black","drug",7.57892405328305,0.0236735891477618
2000,"black","drug",7.27093400168458,0.0220942716212753
2001,"black","drug",7.55212615695546,0.0225049104260156
2002,"black","drug",8.13343346965586,0.0236775263990978
2003,"black","drug",8.14290540119742,0.023400603440475
2004,"black","drug",8.1902190121354,0.0231007674636591
2005,"black","drug",9.24541340872332,0.0255138085592766
2006,"black","drug",10.6372102606915,0.0289260066324561
2007,"black","drug",9.55939742859822,0.025538767665121
2008,"black","drug",8.30072119859486,0.0218611128176489
2009,"black","drug",8.17777724664953,0.0211647092280741
2010,"black","drug",7.89543828386164,0.020090838601648
2011,"black","drug",8.47196742186104,0.0213110160550499
2012,"black","drug",8.64748629649577,0.0214902924818039
2013,"black","drug",9.50155748395829,0.0231944785051427
2014,"black","drug",10.4061001160788,0.025255270597641
2015,"black","drug",12.0763674404892,0.029035116028954
2016,"black","drug",16.9639834010948,0.0401816968573516
1979,"total","drug",3.74359204629972,0.00188074949443986
1980,"total","drug",3.57971136920048,0.00178650069146491
1981,"total","drug",3.56801665891623,0.00175223956960275
1982,"total","drug",3.58638501146638,0.0017082569120473
1983,"total","drug",3.56485920791978,0.00168535650323231
1984,"total","drug",3.61430723131703,0.00166132265253228
1985,"total","drug",3.88100353217999,0.00175820824192079
1986,"total","drug",4.27601416363115,0.00189410405919992
1987,"total","drug",4.13776459192521,0.00180658203029026
1988,"total","drug",4.61392063054519,0.00197627557314942
1989,"total","drug",4.70081672277725,0.00198627878603586
1990,"total","drug",4.26343328910812,0.00178542815007983
1991,"total","drug",4.54630378352644,0.00186523176450456
1992,"total","drug",5.02013797979688,0.00201910933258777
1993,"total","drug",5.63924308582816,0.00223368457792189
1994,"total","drug",5.77567515255443,0.00225463355434956
1995,"total","drug",5.80622341674463,0.00223178822685809
1996,"total","drug",5.98212712234615,0.00226874541485468
1997,"total","drug",6.42298432210488,0.00240675859159849
1998,"total","drug",6.73946882624899,0.00249853729347407
1999,"total","drug",6.15329046698449,0.00225524820558341
2000,"total","drug",6.16293392467787,0.00218629716920895
2001,"total","drug",6.78974925108753,0.00238194138437672
2002,"total","drug",8.15977567064998,0.00283971311116868
2003,"total","drug",8.86709152007788,0.0030627476881227
2004,"total","drug",9.33629471602661,0.00319821171769797
2005,"total","drug",10.0248249489691,0.0034012382547699
2006,"total","drug",11.4470125948632,0.00385205140472807
2007,"total","drug",11.8518551973837,0.00395789115688403
2008,"total","drug",11.8848852064911,0.00394742265899118
2009,"total","drug",11.9530509795612,0.00394820376821496
2010,"total","drug",12.2674387194475,0.00403172250275233
2011,"total","drug",13.1560156670582,0.00431430613809077
2012,"total","drug",13.1019069210323,0.00427509434371762
2013,"total","drug",13.7410711529052,0.00445438397552454
2014,"total","drug",14.6580221133167,0.00475020753908478
2015,"total","drug",16.2898578797979,0.00527792735702742
2016,"total","drug",19.7267347904598,0.00638171593021223
1979,"white","drug",3.75082570320828,0.00214397714675949
1980,"white","drug",3.55380400389443,0.00201659822272978
1981,"white","drug",3.49856573048816,0.00195876771882234
1982,"white","drug",3.5309976335293,0.00192670341460393
1983,"white","drug",3.54739177133086,0.00191775911349484
1984,"white","drug",3.53738797544228,0.00186927063628876
1985,"white","drug",3.84507127039862,0.00200699524324151
1986,"white","drug",4.19227899453981,0.00214199992719781
1987,"white","drug",3.95822095641647,0.00200138099016734
1988,"white","drug",4.39345604040824,0.00218419933549045
1989,"white","drug",4.44599742702972,0.00218785695793204
1990,"white","drug",4.14922174241359,0.00202564018488965
1991,"white","drug",4.32530016273272,0.00207529844217433
1992,"white","drug",4.80742663631202,0.00226998635311046
1993,"white","drug",5.32048509696774,0.00248432164039925
1994,"white","drug",5.41152913413734,0.00249506105153675
1995,"white","drug",5.48177693546087,0.00249764700324241
1996,"white","drug",5.75313512157098,0.00259627520247988
1997,"white","drug",6.22022761190209,0.00278469991737416
1998,"white","drug",6.58045601654166,0.00292504396675794
1999,"white","drug",6.20986256877379,0.00274830333080705
2000,"white","drug",6.37418256771181,0.00277102445868674
2001,"white","drug",7.11266515226291,0.00307323085131984
2002,"white","drug",8.69700111976139,0.00374410596781352
2003,"white","drug",9.58019800090715,0.00411332785180319
2004,"white","drug",10.1626573655885,0.00434896073651169
2005,"white","drug",10.8759274152092,0.00463189779993068
2006,"white","drug",12.4615329777501,0.00529112289437153
2007,"white","drug",13.1749672109018,0.00557887768801634
2008,"white","drug",13.4374357720582,0.00568271135874986
2009,"white","drug",13.536606212179,0.0057156615605813
2010,"white","drug",14.0554196236074,0.00594024266031865
2011,"white","drug",15.0829695599883,0.00638533632022423
2012,"white","drug",15.0217612624291,0.00635357768804044
2013,"white","drug",15.7404124180708,0.00664137486382079
2014,"white","drug",16.7837698022553,0.00710929181817024
2015,"white","drug",18.6638078145232,0.00794838561686548
2016,"white","drug",22.3430920708952,0.00956335385104174
1979,"black","nonopioid",3.18976282545226,0.0159578369172325
1980,"black","nonopioid",3.37663036904354,0.0175655725323883
1981,"black","nonopioid",3.65441822014948,0.0183729084252618
1982,"black","nonopioid",3.35257444807294,0.0160666349450472
1983,"black","nonopioid",3.13793742514432,0.0153114613154019
1984,"black","nonopioid",3.70419114684657,0.0170866808173938
1985,"black","nonopioid",3.61407721683546,0.0164494507394233
1986,"black","nonopioid",4.40496742400364,0.0196159521118551
1987,"black","nonopioid",4.82245986052589,0.0202582092362948
1988,"black","nonopioid",5.35121218079151,0.0218266771886606
1989,"black","nonopioid",5.58733664535338,0.0225660727391008
1990,"black","nonopioid",4.20228543265118,0.0168614021949279
1991,"black","nonopioid",5.33157937296559,0.0205414984885606
1992,"black","nonopioid",5.44668070905084,0.0205224259875396
1993,"black","nonopioid",6.40655989370644,0.0234562854143291
1994,"black","nonopioid",6.74124439170519,0.0243083481396064
1995,"black","nonopioid",6.38882346742163,0.0223110568592976
1996,"black","nonopioid",6.3709072391208,0.0217334973332004
1997,"black","nonopioid",6.7466052747943,0.0226713162494645
1998,"black","nonopioid",6.90482684132017,0.0227384712034069
1999,"black","nonopioid",4.05271737451635,0.0127974763544843
2000,"black","nonopioid",3.82677029128646,0.011803912226314
2001,"black","nonopioid",4.20327106852374,0.0126764540887682
2002,"black","nonopioid",4.53017736576917,0.0132738287386019
2003,"black","nonopioid",4.6872191256719,0.0135972738633204
2004,"black","nonopioid",5.035686312027,0.014320723588781
2005,"black","nonopioid",5.82840961676352,0.0161411072030032
2006,"black","nonopioid",6.4833364074056,0.0177236618619332
2007,"black","nonopioid",6.03943834767729,0.0162345142359726
2008,"black","nonopioid",4.90625081663832,0.0130298149588655
2009,"black","nonopioid",4.62019592551786,0.012027122479313
2010,"black","nonopioid",4.561215258637,0.0117174981090963
2011,"black","nonopioid",4.76807756730435,0.012090927052817
2012,"black","nonopioid",4.64155322000899,0.0116287297537467
2013,"black","nonopioid",4.87173117200882,0.0119871082195222
2014,"black","nonopioid",4.8614701437422,0.0118416209995896
2015,"black","nonopioid",5.51407638059239,0.0132826114371793
2016,"black","nonopioid",6.68506043671575,0.0159428534261928
1979,"total","nonopioid",3.28765842423834,0.00166765411637139
1980,"total","nonopioid",3.15327735628745,0.00158797347783947
1981,"total","nonopioid",3.10843637809153,0.00154023979864846
1982,"total","nonopioid",3.01904202794023,0.00145546773342103
1983,"total","nonopioid",3.014113731855,0.00144262333801504
1984,"total","nonopioid",3.01786744764862,0.00140290596572195
1985,"total","nonopioid",3.1424304065169,0.00144122026978173
1986,"total","nonopioid",3.45190247521935,0.00154523596777275
1987,"total","nonopioid",3.43840160145951,0.00151041449083333
1988,"total","nonopioid",3.73364412479957,0.00160823952605315
1989,"total","nonopioid",3.70293590204646,0.00157251736593845
1990,"total","nonopioid",3.35688420647879,0.00141889655595358
1991,"total","nonopioid",3.55058778224373,0.00146572385708864
1992,"total","nonopioid",3.67492992177542,0.00148543627482097
1993,"total","nonopioid",3.87672800460449,0.00154425666314521
1994,"total","nonopioid",3.97925365462556,0.00155858544342924
1995,"total","nonopioid",3.84569277057159,0.00148317448753599
1996,"total","nonopioid",4.01599897082554,0.00152688639498226
1997,"total","nonopioid",4.23658886517974,0.00159151070608845
1998,"total","nonopioid",4.24350285030696,0.00157564672641271
1999,"total","nonopioid",3.20938451139147,0.00117739329782579
2000,"total","nonopioid",3.18801319932505,0.00113179802965184
2001,"total","nonopioid",3.46634344706263,0.00121712291965968
2002,"total","nonopioid",4.02008977252635,0.00139881477039487
2003,"total","nonopioid",4.41147186309891,0.00152320811680194
2004,"total","nonopioid",4.65078053184757,0.00159342891083332
2005,"total","nonopioid",5.00085343747472,0.00169629924841398
2006,"total","nonopioid",5.60484474295885,0.00188555847654759
2007,"total","nonopioid",5.73813690896232,0.00191167011526617
2008,"total","nonopioid",5.47787931118953,0.00181552158332878
2009,"total","nonopioid",5.33209671123471,0.00175620986745312
2010,"total","nonopioid",5.47452583093169,0.00178907741700884
2011,"total","nonopioid",5.85562953240538,0.00190872048140856
2012,"total","nonopioid",5.72946488034954,0.00185494928229913
2013,"total","nonopioid",5.84978095276132,0.00188157881591356
2014,"total","nonopioid",5.65869636594756,0.00181639456499617
2015,"total","nonopioid",5.91203587615509,0.00189461021595065
2016,"total","nonopioid",6.50753077693207,0.00207740203910835
1979,"white","nonopioid",3.31074587591746,0.00190925164471566
1980,"white","nonopioid",3.15636867525038,0.00180523080529376
1981,"white","nonopioid",3.06388751098834,0.00173040892286643
1982,"white","nonopioid",3.00503582624881,0.00165845630221449
1983,"white","nonopioid",3.02408828374762,0.00165390155007381
1984,"white","nonopioid",2.97236699708204,0.00158766956835313
1985,"white","nonopioid",3.13218438732809,0.00165450911996567
1986,"white","nonopioid",3.39781872855709,0.00175200330997644
1987,"white","nonopioid",3.31097409929575,0.00168449545697825
1988,"white","nonopioid",3.59513990896416,0.00179602994994442
1989,"white","nonopioid",3.53422293956691,0.00174550841439218
1990,"white","nonopioid",3.30049961807634,0.00162327083932747
1991,"white","nonopioid",3.39041710797973,0.00163555591235831
1992,"white","nonopioid",3.51841607219653,0.00166722478163955
1993,"white","nonopioid",3.62953485347031,0.0017002036218722
1994,"white","nonopioid",3.69989976234695,0.00170804466680632
1995,"white","nonopioid",3.60162075725957,0.00164273953158748
1996,"white","nonopioid",3.80086257872137,0.00171464603546886
1997,"white","nonopioid",4.019786862473,0.0017977459660439
1998,"white","nonopioid",4.01601458373054,0.00178007776719329
1999,"white","nonopioid",3.20213826881214,0.00141336412695699
2000,"white","nonopioid",3.26959184129961,0.0014171587115192
2001,"white","nonopioid",3.5560482878122,0.00153252542805706
2002,"white","nonopioid",4.17839100945582,0.00179183736899866
2003,"white","nonopioid",4.63632096455454,0.00198304033526931
2004,"white","nonopioid",4.88457299006593,0.00208318506526989
2005,"white","nonopioid",5.21211952534852,0.00221200815569599
2006,"white","nonopioid",5.86086642443352,0.00247900321656688
2007,"white","nonopioid",6.1194574405867,0.00257640756438116
2008,"white","nonopioid",5.98910050422196,0.00251658756367673
2009,"white","nonopioid",5.84820801017503,0.00245214264285909
2010,"white","nonopioid",6.05938107823914,0.00253530057953581
2011,"white","nonopioid",6.49350214318168,0.00271999275315062
2012,"white","nonopioid",6.37621316839708,0.00266331596082517
2013,"white","nonopioid",6.49270452978659,0.00270328000836666
2014,"white","nonopioid",6.25232419333669,0.00260874392528371
2015,"white","nonopioid",6.47157070369465,0.00271138151800098
2016,"white","nonopioid",7.0639758188766,0.00296348526876765
1979,"black","opium",0,0
1980,"black","opium",0,0
1981,"black","opium",0,0
1982,"black","opium",0,0
1983,"black","opium",0,0
1984,"black","opium",0,0
1985,"black","opium",0,0
1986,"black","opium",0,0
1987,"black","opium",0,0
1988,"black","opium",0,0
1989,"black","opium",0,0
1990,"black","opium",0,0
1991,"black","opium",0,0
1992,"black","opium",0,0
1993,"black","opium",0,0
1994,"black","opium",0,0
1995,"black","opium",0,0
1996,"black","opium",0,0
1997,"black","opium",0,0
1998,"black","opium",0,0
1999,"black","opium",0,0
2000,"black","opium",0,0
2001,"black","opium",0,0
2002,"black","opium",0,0
2003,"black","opium",0.00253082441483122,6.40507221870576e-06
2004,"black","opium",0,0
2005,"black","opium",0,0
2006,"black","opium",0,0
2007,"black","opium",0,0
2008,"black","opium",0,0
2009,"black","opium",0,0
2010,"black","opium",0.0022097211993895,4.88286777903138e-06
2011,"black","opium",0,0
2012,"black","opium",0,0
2013,"black","opium",0,0
2014,"black","opium",0,0
2015,"black","opium",0,0
2016,"black","opium",0,0
1979,"total","opium",0,0
1980,"total","opium",0,0
1981,"total","opium",0,0
1982,"total","opium",0,0
1983,"total","opium",0,0
1984,"total","opium",0,0
1985,"total","opium",0,0
1986,"total","opium",0,0
1987,"total","opium",0,0
1988,"total","opium",0,0
1989,"total","opium",0,0
1990,"total","opium",0,0
1991,"total","opium",0,0
1992,"total","opium",0,0
1993,"total","opium",0,0
1994,"total","opium",0,0
1995,"total","opium",0,0
1996,"total","opium",0,0
1997,"total","opium",0,0
1998,"total","opium",0,0
1999,"total","opium",0.00144732567966196,5.23755108250135e-07
2000,"total","opium",0.000700504674151271,2.45365908871764e-07
2001,"total","opium",0.00174245576280519,6.07862287331092e-07
2002,"total","opium",0.00102861298511137,3.53043590689004e-07
2003,"total","opium",0.00138187340048382,4.77734334582685e-07
2004,"total","opium",0.000357031448692411,1.27471455355402e-07
2005,"total","opium",0.000317168965473015,1.00596152659223e-07
2006,"total","opium",0.00031602037369084,9.98688765876979e-08
2007,"total","opium",0.00108717787349033,3.95915007284299e-07
2008,"total","opium",0,0
2009,"total","opium",0.000283348840276639,8.02865652861162e-08
2010,"total","opium",0.000611864544451702,1.87190636188432e-07
2011,"total","opium",0,0
2012,"total","opium",0.000571811975010755,1.63620758913266e-07
2013,"total","opium",0.000941804190601505,2.97810401570866e-07
2014,"total","opium",0,0
2015,"total","opium",0.000406076135687862,1.64897827975187e-07
2016,"total","opium",0.000934099803915243,2.92149730126404e-07
1979,"white","opium",0,0
1980,"white","opium",0,0
1981,"white","opium",0,0
1982,"white","opium",0,0
1983,"white","opium",0,0
1984,"white","opium",0,0
1985,"white","opium",0,0
1986,"white","opium",0,0
1987,"white","opium",0,0
1988,"white","opium",0,0
1989,"white","opium",0,0
1990,"white","opium",0,0
1991,"white","opium",0,0
1992,"white","opium",0,0
1993,"white","opium",0,0
1994,"white","opium",0,0
1995,"white","opium",0,0
1996,"white","opium",0,0
1997,"white","opium",0,0
1998,"white","opium",0,0
1999,"white","opium",0.00179133804786795,8.02579763783548e-07
2000,"white","opium",0.000865014182176103,3.74446752120052e-07
2001,"white","opium",0.00214875756648073,9.24918569923922e-07
2002,"white","opium",0.00126089211935128,5.3131292774597e-07
2003,"white","opium",0.000847989473391196,3.6019381148256e-07
2004,"white","opium",0.000443199415679817,1.96425722058931e-07
2005,"white","opium",0.000412457242172994,1.70120976620952e-07
2006,"white","opium",0.000412238969390736,1.69940967884336e-07
2007,"white","opium",0.00140158359887495,6.5656451729727e-07
2008,"white","opium",0,0
2009,"white","opium",0.000333318027787964,1.11100907648458e-07
2010,"white","opium",0.000407933034346011,1.66409360510744e-07
2011,"white","opium",0,0
2012,"white","opium",0.000742789901831906,2.77207117566386e-07
2013,"white","opium",0.00120462562782826,4.83837414718962e-07
2014,"white","opium",0,0
2015,"white","opium",0.000533400263609647,2.8451584121884e-07
2016,"white","opium",0.00125558433315156,5.27264944739501e-07
1979,"black","heroin",0.32564655678095,0.00134987121351101
1980,"black","heroin",0.30258148794651,0.00132315899731114
1981,"black","heroin",0.41308272127461,0.00196337211444975
1982,"black","heroin",0.455209793772327,0.00191118550190044
1983,"black","heroin",0.445163280927457,0.00196556938419626
1984,"black","heroin",0.566182022633243,0.00229907929971075
1985,"black","heroin",0.598617448405475,0.00249662873440192
1986,"black","heroin",0.671000983255689,0.00262380224135819
1987,"black","heroin",0.574286154044538,0.00240448318727759
1988,"black","heroin",0.732940812635094,0.00294388687408019
1989,"black","heroin",0.781353875576142,0.00300999420643041
1990,"black","heroin",0.726534048352633,0.00271163606561936
1991,"black","heroin",0.611074552377793,0.0022615078295109
1992,"black","heroin",0.750355510548369,0.00272326259230561
1993,"black","heroin",1.0220944949631,0.00359410863980011
1994,"black","heroin",0.953795298393126,0.00339558309433395
1995,"black","heroin",1.27415175376269,0.00443667198927934
1996,"black","heroin",1.04137702591071,0.00347716461427545
1997,"black","heroin",1.15905788477253,0.00378047940076243
1998,"black","heroin",1.17274018978693,0.00374483518843718
1999,"black","heroin",0.832654002046197,0.00259714352145311
2000,"black","heroin",0.884891981651121,0.00265569986062927
2001,"black","heroin",0.755264326204267,0.00223019996809486
2002,"black","heroin",0.911662797844844,0.00264688985147922
2003,"black","heroin",0.769062058237814,0.00217798346344317
2004,"black","heroin",0.620852335950879,0.0017319742545196
2005,"black","heroin",0.779927079631863,0.002147846778024
2006,"black","heroin",0.729064932284641,0.0019573202712327
2007,"black","heroin",0.76080998017957,0.00202606713326027
2008,"black","heroin",0.774354318122262,0.00199472670545538
2009,"black","heroin",0.884833632544191,0.00225188053843212
2010,"black","heroin",0.749375790303983,0.00187765557254318
2011,"black","heroin",0.965310866396188,0.002389320654498
2012,"black","heroin",1.29478502022582,0.00318420367016909
2013,"black","heroin",2.01552869594499,0.00484338288945392
2014,"black","heroin",2.50894780721165,0.00602873788999981
2015,"black","heroin",3.11524458921737,0.00742356627010901
2016,"black","heroin",4.49060400735969,0.0105892234318982
1979,"total","heroin",0.15427534391519,6.76684909302835e-05
1980,"total","heroin",0.145092516529015,6.50881224842253e-05
1981,"total","heroin",0.181044606078043,8.2133381110751e-05
1982,"total","heroin",0.240704922247398,0.00010315649819974
1983,"total","heroin",0.221203686721128,9.65098705839514e-05
1984,"total","heroin",0.268199672915741,0.000113963691838127
1985,"total","heroin",0.376201791658124,0.000159487792280736
1986,"total","heroin",0.410355386169624,0.000170754811736088
1987,"total","heroin",0.26406241616566,0.000110885793310704
1988,"total","heroin",0.352308025361781,0.000147264309007941
1989,"total","heroin",0.412435675316355,0.000170230027210668
1990,"total","heroin",0.398572990138034,0.000162050082070175
1991,"total","heroin",0.365491456954907,0.000145632019332335
1992,"total","heroin",0.534151086868022,0.000212375895401842
1993,"total","heroin",0.712671043025794,0.000279639778168504
1994,"total","heroin",0.69843763562001,0.000271326905472726
1995,"total","heroin",0.856013893877262,0.000328049972536439
1996,"total","heroin",0.841459230304256,0.000317855767259779
1997,"total","heroin",0.950057562449831,0.00035490923265718
1998,"total","heroin",1.08239521464101,0.000400606297188158
1999,"total","heroin",0.716237202410856,0.00026211024059349
2000,"total","heroin",0.650101642283159,0.000229944482599775
2001,"total","heroin",0.621625576939832,0.000217497099350403
2002,"total","heroin",0.726541214797641,0.000253108060213236
2003,"total","heroin",0.716792033515437,0.000247786096273456
2004,"total","heroin",0.639670140938492,0.000219067775399402
2005,"total","heroin",0.67773004165615,0.000230289611251006
2006,"total","heroin",0.69637384589062,0.000234896957922958
2007,"total","heroin",0.796466749712308,0.000267757467807839
2008,"total","heroin",1.00558789204098,0.000337542143258562
2009,"total","heroin",1.07348981116877,0.000357761274923437
2010,"total","heroin",0.992245205339721,0.00033089156662887
2011,"total","heroin",1.42180155910644,0.000470284445078864
2012,"total","heroin",1.91536805233475,0.000634520080020673
2013,"total","heroin",2.64714528248606,0.000872547271303049
2014,"total","heroin",3.38517102554037,0.00111669116387265
2015,"total","heroin",4.14163330887579,0.00136365304023906
2016,"total","heroin",4.90021966165191,0.0016069545012254
1979,"white","heroin",0.135264243374927,6.80308979063392e-05
1980,"white","heroin",0.12898839023529,6.62624906161794e-05
1981,"white","heroin",0.157743632948925,7.99284138765396e-05
1982,"white","heroin",0.219785349342703,0.0001080363313789
1983,"white","heroin",0.199360358827471,9.93955028197328e-05
1984,"white","heroin",0.237362162985476,0.000116383114661715
1985,"white","heroin",0.358352689248485,0.000174841477762916
1986,"white","heroin",0.388493684052222,0.000188501467522332
1987,"white","heroin",0.231304181963188,0.000111192120961805
1988,"white","heroin",0.315088489975771,0.000153242206969251
1989,"white","heroin",0.377411791989795,0.000182143725602299
1990,"white","heroin",0.368316660762843,0.000176164066694457
1991,"white","heroin",0.346216718533241,0.000161938825035793
1992,"white","heroin",0.524985329035461,0.000246781206994618
1993,"white","heroin",0.697818151564086,0.00032553117767994
1994,"white","heroin",0.689170551952254,0.000318528650771889
1995,"white","heroin",0.833340038230095,0.000380941291593561
1996,"white","heroin",0.847131141401982,0.000383509830338686
1997,"white","heroin",0.96244545830717,0.000432996300685969
1998,"white","heroin",1.11392932073452,0.00049855943274942
1999,"white","heroin",0.74067579015066,0.000329397700444223
2000,"white","heroin",0.66313109897311,0.000289809780007725
2001,"white","heroin",0.65271603174264,0.000283771945194284
2002,"white","heroin",0.758969203514857,0.000329912083246236
2003,"white","heroin",0.767705023469187,0.000332344082527129
2004,"white","heroin",0.69788048678593,0.000301805173208411
2005,"white","heroin",0.72317126729093,0.000311871595960067
2006,"white","heroin",0.758596247053856,0.000326166997759426
2007,"white","heroin",0.878993954928686,0.000378351701734094
2008,"white","heroin",1.15181046365128,0.000499755398180911
2009,"white","heroin",1.21738290087656,0.000525601323141847
2010,"white","heroin",1.14451036816512,0.000497671434302003
2011,"white","heroin",1.65478398052336,0.000716463019318613
2012,"white","heroin",2.24434563795557,0.000975932928329948
2013,"white","heroin",3.07076356376611,0.00133645998205312
2014,"white","heroin",3.94707913027458,0.00172352803673193
2015,"white","heroin",4.82582329710465,0.00211146023723551
2016,"white","heroin",5.59704919362858,0.00245006035897527
1979,"black","natural",0,0
1980,"black","natural",0,0
1981,"black","natural",0,0
1982,"black","natural",0,0
1983,"black","natural",0,0
1984,"black","natural",0,0
1985,"black","natural",0,0
1986,"black","natural",0,0
1987,"black","natural",0,0
1988,"black","natural",0,0
1989,"black","natural",0,0
1990,"black","natural",0,0
1991,"black","natural",0,0
1992,"black","natural",0,0
1993,"black","natural",0,0
1994,"black","natural",0,0
1995,"black","natural",0,0
1996,"black","natural",0,0
1997,"black","natural",0,0
1998,"black","natural",0,0
1999,"black","natural",0.622303864954341,0.00195069277956377
2000,"black","natural",0.597621265726558,0.00179972575815485
2001,"black","natural",0.655317609499468,0.00194220855302733
2002,"black","natural",0.781900594181122,0.00228004715254737
2003,"black","natural",0.745060419430429,0.00212087091220376
2004,"black","natural",0.857259140514005,0.00237433185376114
2005,"black","natural",0.939100422700612,0.00258686796281517
2006,"black","natural",1.03501909451453,0.00277323763770841
2007,"black","natural",1.09212537097195,0.00286562414270961
2008,"black","natural",1.23064153572701,0.00320445637053714
2009,"black","natural",1.32861955726468,0.00345571263993189
2010,"black","natural",1.40669183385482,0.00351666879823819
2011,"black","natural",1.44512104872618,0.00359335326149597
2012,"black","natural",1.53908405083742,0.00380695878513819
2013,"black","natural",1.65523298066639,0.00403580020319087
2014,"black","natural",1.95275448868244,0.00470192673337323
2015,"black","natural",2.11297013544206,0.00515359656330415
2016,"black","natural",2.69363495234805,0.00636840414502729
1979,"total","natural",0,0
1980,"total","natural",0,0
1981,"total","natural",0,0
1982,"total","natural",0,0
1983,"total","natural",0,0
1984,"total","natural",0,0
1985,"total","natural",0,0
1986,"total","natural",0,0
1987,"total","natural",0,0
1988,"total","natural",0,0
1989,"total","natural",0,0
1990,"total","natural",0,0
1991,"total","natural",0,0
1992,"total","natural",0,0
1993,"total","natural",0,0
1994,"total","natural",0,0
1995,"total","natural",0,0
1996,"total","natural",0,0
1997,"total","natural",0,0
1998,"total","natural",0,0
1999,"total","natural",1.00559746895769,0.000368548108636805
2000,"total","natural",1.03353948468275,0.000366621016420373
2001,"total","natural",1.21754003545172,0.000426771955939539
2002,"total","natural",1.53180599774131,0.000532452443524916
2003,"total","natural",1.67170602494105,0.000576234628030869
2004,"total","natural",1.77546588312082,0.000606001262351242
2005,"total","natural",1.9376745856418,0.000655609695153745
2006,"total","natural",2.32378654939813,0.000778653248582111
2007,"total","natural",2.68293023106681,0.000895219213817181
2008,"total","natural",2.97029489056128,0.000984925119584967
2009,"total","natural",3.14299989444129,0.00103733360638304
2010,"total","natural",3.51500572438369,0.00115867739539995
2011,"total","natural",3.72726699024551,0.00122414801129059
2012,"total","natural",3.51997393508915,0.00115068098335434
2013,"total","natural",3.53207376318819,0.00114205836452615
2014,"total","natural",3.75643934928089,0.00121126483611241
2015,"total","natural",3.91726549480856,0.00126228803330887
2016,"total","natural",4.42795311031561,0.00141916056299105
1979,"white","natural",0,0
1980,"white","natural",0,0
1981,"white","natural",0,0
1982,"white","natural",0,0
1983,"white","natural",0,0
1984,"white","natural",0,0
1985,"white","natural",0,0
1986,"white","natural",0,0
1987,"white","natural",0,0
1988,"white","natural",0,0
1989,"white","natural",0,0
1990,"white","natural",0,0
1991,"white","natural",0,0
1992,"white","natural",0,0
1993,"white","natural",0,0
1994,"white","natural",0,0
1995,"white","natural",0,0
1996,"white","natural",0,0
1997,"white","natural",0,0
1998,"white","natural",0,0
1999,"white","natural",1.10931730130242,0.000491638117199767
2000,"white","natural",1.160148969712,0.000504959820726048
2001,"white","natural",1.38059741817693,0.00059686850397258
2002,"white","natural",1.74388021281533,0.000750097895511693
2003,"white","natural",1.93119572926466,0.000827530605906001
2004,"white","natural",2.04150560773348,0.000870034563699092
2005,"white","natural",2.23082553729729,0.000945976315974755
2006,"white","natural",2.70247538550288,0.0011414285727338
2007,"white","natural",3.15454547397967,0.00133371067674694
2008,"white","natural",3.49541986019327,0.00147520942797601
2009,"white","natural",3.69213035685657,0.0015562306875095
2010,"white","natural",4.16592688039541,0.00176562623554755
2011,"white","natural",4.43975888882611,0.00188040183423338
2012,"white","natural",4.15947441606472,0.00175841666434686
2013,"white","natural",4.16746472871416,0.00174745604597168
2014,"white","natural",4.40284364315549,0.00184776369054679
2015,"white","natural",4.60872171090172,0.00193912821722502
2016,"white","natural",5.18765163027444,0.00218713393929572
1979,"black","methadone",0.0357429258004274,0.000195818586525246
1980,"black","methadone",0.0679508625546633,0.00037750574926719
1981,"black","methadone",0.0412679172403194,0.000186668233674641
1982,"black","methadone",0.0643419372135643,0.000321886067466292
1983,"black","methadone",0.0516244090294908,0.000252588754350937
1984,"black","methadone",0.0401521554816333,0.000218338152749093
1985,"black","methadone",0.0064572928186134,2.23402808271183e-05
1986,"black","methadone",0.0739601041020369,0.000375592188138601
1987,"black","methadone",0.060567259520755,0.00030043098335075
1988,"black","methadone",0.0489288537635234,0.000239193772462322
1989,"black","methadone",0.0311201234452971,0.000153168584464275
1990,"black","methadone",0.0496801305952208,0.000235775044268351
1991,"black","methadone",0.032852453299517,0.000143186462912616
1992,"black","methadone",0.0246785983433062,9.31366041317904e-05
1993,"black","methadone",0,0
1994,"black","methadone",0.0168462769186576,7.51331887262352e-05
1995,"black","methadone",0.0227625001425429,8.94608314996185e-05
1996,"black","methadone",0.0198023366431696,8.23686233987399e-05
1997,"black","methadone",0.0209151193981956,7.36518956867553e-05
1998,"black","methadone",0.00477159096403965,1.13840401640524e-05
1999,"black","methadone",0.213034418528741,0.000648231243030198
2000,"black","methadone",0.204579306474563,0.000604776973695822
2001,"black","methadone",0.30720146084136,0.000897765894918281
2002,"black","methadone",0.411065694358989,0.00118081929707566
2003,"black","methadone",0.421682861901743,0.00118923808141584
2004,"black","methadone",0.600302160400672,0.00164245363235643
2005,"black","methadone",0.72076587416385,0.00196432038335143
2006,"black","methadone",0.859974164231621,0.00230991726718265
2007,"black","methadone",0.822832863102595,0.00214635054066084
2008,"black","methadone",0.645825048266399,0.0016699696321438
2009,"black","methadone",0.678139019485826,0.0017060075003022
2010,"black","methadone",0.61847252827603,0.00152641842587275
2011,"black","methadone",0.689495589341026,0.00170306186160687
2012,"black","methadone",0.584116007198594,0.00141725716634748
2013,"black","methadone",0.577191897780425,0.00139442646292157
2014,"black","methadone",0.608571672684468,0.00145067988146429
2015,"black","methadone",0.579115712423268,0.00136258099820903
2016,"black","methadone",0.676577942627897,0.00155033608440621
1979,"total","methadone",0.0506743699669656,2.63504925722557e-05
1980,"total","methadone",0.044170182645366,2.19530717654879e-05
1981,"total","methadone",0.0464225629743758,2.33170517376089e-05
1982,"total","methadone",0.0456400955287887,2.33678523257753e-05
1983,"total","methadone",0.052976294112526,2.59555392972583e-05
1984,"total","methadone",0.0382442460242582,1.81476077500974e-05
1985,"total","methadone",0.0353625108437553,1.66825298904166e-05
1986,"total","methadone",0.0435534843948424,2.0829250589144e-05
1987,"total","methadone",0.0468632686573349,2.21524353388376e-05
1988,"total","methadone",0.0447854071501134,2.07050022669165e-05
1989,"total","methadone",0.0370189397265326,1.64219012118462e-05
1990,"total","methadone",0.0266447290442338,1.16701451030379e-05
1991,"total","methadone",0.0338355031405997,1.40824555417627e-05
1992,"total","methadone",0.0291566569329492,1.23585287237463e-05
1993,"total","methadone",0.0238345905726395,9.61281503264628e-06
1994,"total","methadone",0.0195166249587792,8.00030495712128e-06
1995,"total","methadone",0.0194860109808436,7.81707003775406e-06
1996,"total","methadone",0.0219133683790662,8.63419179844397e-06
1997,"total","methadone",0.0128068689162497,4.84085476142762e-06
1998,"total","methadone",0.0163641241137505,6.09308004212065e-06
1999,"total","methadone",0.287040445666321,0.000105135585622875
2000,"total","methadone",0.349601488085799,0.000124016890613885
2001,"total","methadone",0.509069465972291,0.000178361247985537
2002,"total","methadone",0.818293885836302,0.000284546053864868
2003,"total","methadone",1.02318017074411,0.000353491246486588
2004,"total","methadone",1.31160826846351,0.000449824594221423
2005,"total","methadone",1.50454044114712,0.000511184799953681
2006,"total","methadone",1.80697922280836,0.000609759190695329
2007,"total","methadone",1.82391296832359,0.000610334622850926
2008,"total","methadone",1.6136350267768,0.000537068339502578
2009,"total","methadone",1.52639878697758,0.000506029904484157
2010,"total","methadone",1.4744989264336,0.000486270246756482
2011,"total","methadone",1.42179650031026,0.000470454990973577
2012,"total","methadone",1.25385309569327,0.000412932491837601
2013,"total","methadone",1.13577987848841,0.000372476334843304
2014,"total","methadone",1.0647617473602,0.000346990572150434
2015,"total","methadone",1.02188945696315,0.000330700097436976
2016,"total","methadone",1.03866252124404,0.000335752120251806
1979,"white","methadone",0.052593368738184,3.06186716480948e-05
1980,"white","methadone",0.0420363586861422,2.33640653980739e-05
1981,"white","methadone",0.047637199229814,2.72851333192726e-05
1982,"white","methadone",0.0421141777219431,2.43472647273848e-05
1983,"white","methadone",0.0525245500217696,2.90435173155312e-05
1984,"white","methadone",0.0388736896570968,2.08812950667599e-05
1985,"white","methadone",0.0390376207245129,2.08084661031985e-05
1986,"white","methadone",0.0408584923761794,2.21393174258059e-05
1987,"white","methadone",0.0450796596908487,2.4322534107689e-05
1988,"white","methadone",0.0443196200686194,2.33006783142663e-05
1989,"white","methadone",0.0384619035446529,1.92365384675771e-05
1990,"white","methadone",0.0246198287323573,1.23287737071791e-05
1991,"white","methadone",0.0335563007646711,1.5939732136637e-05
1992,"white","methadone",0.028595347731514,1.40572151758591e-05
1993,"white","methadone",0.0272492259876736,1.27571307945761e-05
1994,"white","methadone",0.0202312065400949,9.60371306081717e-06
1995,"white","methadone",0.0197763500907461,9.18318366443804e-06
1996,"white","methadone",0.0221961357871521,1.01268524641976e-05
1997,"white","methadone",0.0118501272013333,5.2185430677629e-06
1998,"white","methadone",0.0179015084404395,7.82929521574888e-06
1999,"white","methadone",0.313012533158373,0.000139006779059838
2000,"white","methadone",0.394493275870657,0.000172233760699726
2001,"white","methadone",0.575922320448435,0.000249695664311037
2002,"white","methadone",0.940878176357448,0.000407322627903226
2003,"white","methadone",1.1966074766,0.000517609028196661
2004,"white","methadone",1.52631828421754,0.000658505173056578
2005,"white","methadone",1.75047201046675,0.000751426759853922
2006,"white","methadone",2.11589205384779,0.000907425947485534
2007,"white","methadone",2.15226082618293,0.000919735010188598
2008,"white","methadone",1.91267347113455,0.000815487902030206
2009,"white","methadone",1.79908350454996,0.000767918965156791
2010,"white","methadone",1.75352800746784,0.000748266700464904
2011,"white","methadone",1.67691949772354,0.00072030520287271
2012,"white","methadone",1.48058629418791,0.00063450837725598
2013,"white","methadone",1.34073856877932,0.000574185349774486
2014,"white","methadone",1.25684406349506,0.000537240873912693
2015,"white","methadone",1.20579149815265,0.000513222089686965
2016,"white","methadone",1.2143363138575,0.000520006700895113
1979,"black","synth",0,0
1980,"black","synth",0,0
1981,"black","synth",0,0
1982,"black","synth",0,0
1983,"black","synth",0,0
1984,"black","synth",0,0
1985,"black","synth",0,0
1986,"black","synth",0,0
1987,"black","synth",0,0
1988,"black","synth",0,0
1989,"black","synth",0,0
1990,"black","synth",0,0
1991,"black","synth",0,0
1992,"black","synth",0,0
1993,"black","synth",0,0
1994,"black","synth",0,0
1995,"black","synth",0,0
1996,"black","synth",0,0
1997,"black","synth",0,0
1998,"black","synth",0,0
1999,"black","synth",0.11512213829119,0.000357794680266451
2000,"black","synth",0.119886520349292,0.000364515863745455
2001,"black","synth",0.149109792214299,0.000443358877391786
2002,"black","synth",0.177039165427787,0.00051191281391638
2003,"black","synth",0.140900793764983,0.000392990648582337
2004,"black","synth",0.173849751484406,0.000474161437458164
2005,"black","synth",0.230430628651574,0.000628573788811086
2006,"black","synth",0.966761314963189,0.00261862239342518
2007,"black","synth",0.244441396007145,0.00065900761100972
2008,"black","synth",0.233665510447697,0.000621732662856592
2009,"black","synth",0.334339956016462,0.00084885763546074
2010,"black","synth",0.358199034775593,0.000902695754181436
2011,"black","synth",0.326773950325463,0.000811951343768403
2012,"black","synth",0.304031087884961,0.000743378838709751
2013,"black","synth",0.481403505114781,0.00116571998961535
2014,"black","synth",1.0858659268293,0.00266055695916972
2015,"black","synth",2.10150174011956,0.0050137292832949
2016,"black","synth",5.6271610319152,0.0132362233346701
1979,"total","synth",0,0
1980,"total","synth",0,0
1981,"total","synth",0,0
1982,"total","synth",0,0
1983,"total","synth",0,0
1984,"total","synth",0,0
1985,"total","synth",0,0
1986,"total","synth",0,0
1987,"total","synth",0,0
1988,"total","synth",0,0
1989,"total","synth",0,0
1990,"total","synth",0,0
1991,"total","synth",0,0
1992,"total","synth",0,0
1993,"total","synth",0,0
1994,"total","synth",0,0
1995,"total","synth",0,0
1996,"total","synth",0,0
1997,"total","synth",0,0
1998,"total","synth",0,0
1999,"total","synth",0.267924341734128,9.83754124818997e-05
2000,"total","synth",0.278204905954601,9.9011211611099e-05
2001,"total","synth",0.335559803668476,0.000117862998904353
2002,"total","synth",0.449407180722324,0.00015635625270147
2003,"total","synth",0.483097829110961,0.000167258040100711
2004,"total","synth",0.567372617537674,0.00019448749177182
2005,"total","synth",0.586894570110658,0.000199319272077851
2006,"total","synth",0.902072643304378,0.000303885998709716
2007,"total","synth",0.729493360265598,0.000243955133496479
2008,"total","synth",0.752374297448722,0.000249968188428981
2009,"total","synth",0.948020252417518,0.000312285158950728
2010,"total","synth",0.961964743038047,0.000316153513432906
2011,"total","synth",0.847425284176937,0.000277465583174654
2012,"total","synth",0.828186340835944,0.000269920032435025
2013,"total","synth",0.96606713544069,0.000311863245600364
2014,"total","synth",1.76048067699429,0.000578733134493359
2015,"total","synth",3.05004135704377,0.00100531089289717
2016,"total","synth",6.17889051889908,0.00203726357975958
1979,"white","synth",0,0
1980,"white","synth",0,0
1981,"white","synth",0,0
1982,"white","synth",0,0
1983,"white","synth",0,0
1984,"white","synth",0,0
1985,"white","synth",0,0
1986,"white","synth",0,0
1987,"white","synth",0,0
1988,"white","synth",0,0
1989,"white","synth",0,0
1990,"white","synth",0,0
1991,"white","synth",0,0
1992,"white","synth",0,0
1993,"white","synth",0,0
1994,"white","synth",0,0
1995,"white","synth",0,0
1996,"white","synth",0,0
1997,"white","synth",0,0
1998,"white","synth",0,0
1999,"white","synth",0.29762699447756,0.00013148668335811
2000,"white","synth",0.317888730381373,0.000137963469643678
2001,"white","synth",0.384743411340391,0.000165834195392791
2002,"white","synth",0.51959909327879,0.000222932133232863
2003,"white","synth",0.568482293830155,0.000244299526398343
2004,"white","synth",0.664062431414871,0.000283658975425013
2005,"white","synth",0.678264575602387,0.000287815534793795
2006,"white","synth",0.968119008335738,0.000411437406328774
2007,"white","synth",0.866813691522001,0.0003665067366999
2008,"white","synth",0.888357292923926,0.000374518321578448
2009,"white","synth",1.11275761803742,0.000467048565991876
2010,"white","synth",1.14631518564322,0.00048380967236384
2011,"white","synth",1.00481029019928,0.000423564354783725
2012,"white","synth",0.989251222261878,0.000417587277059663
2013,"white","synth",1.14022307402454,0.000478716507112755
2014,"white","synth",2.06564010531922,0.000889653460468649
2015,"white","synth",3.59105258594506,0.0015651171325646
2016,"white","synth",7.06710001061689,0.00310696615698604
1979,"black","other_op",0.0193455969009404,9.99864802862178e-05
1980,"black","other_op",0.0209313066401724,0.000118446402279276
1981,"black","other_op",0.030047907396067,0.000116824343173585
1982,"black","other_op",0.0589669123082143,0.000349847398115781
1983,"black","other_op",0.00262629025602587,6.89740050889641e-06
1984,"black","other_op",0.0195461067416996,8.20641870465316e-05
1985,"black","other_op",0.0137064556918481,3.80455107658024e-05
1986,"black","other_op",0.0117302331716533,5.0773702901122e-05
1987,"black","other_op",0.0329143795435279,0.000160898036845482
1988,"black","other_op",0.0263684878073932,9.77721727694713e-05
1989,"black","other_op",0.0511852739095004,0.000202810746968713
1990,"black","other_op",0.0350084478071183,0.000160117619811579
1991,"black","other_op",0.0583458140613439,0.000212935133824306
1992,"black","other_op",0.0806404093953023,0.000346057106235454
1993,"black","other_op",0.0757125547801592,0.000278595062810324
1994,"black","other_op",0.0686610785328671,0.000251887713576534
1995,"black","other_op",0.0756356582974551,0.000301833183645992
1996,"black","other_op",0.0456809313146849,0.000154700258577954
1997,"black","other_op",0.0438340982817278,0.000152943715123986
1998,"black","other_op",0.0625045651491976,0.000212243088329905
1999,"black","other_op",2.05617599967046,0.00631061179757325
2000,"black","other_op",1.9365480181678,0.00578252942845647
2001,"black","other_op",1.7471064771764,0.00511823396802091
2002,"black","other_op",1.68569504684854,0.0048604246401856
2003,"black","other_op",1.63031019139171,0.00463873145561054
2004,"black","other_op",1.22156939399393,0.00344142250379481
2005,"black","other_op",1.1593908648348,0.00319256890628565
2006,"black","other_op",1.2167947144838,0.00330092245588069
2007,"black","other_op",0.980915115206558,0.00260422611277361
2008,"black","other_op",0.897825114463046,0.00236841370132095
2009,"black","other_op",0.784879801821,0.00204883203511939
2010,"black","other_op",0.613698142699249,0.00158383208263667
2011,"black","other_op",0.780929140371136,0.00196306881566008
2012,"black","other_op",0.794329271848986,0.00194327287223213
2013,"black","other_op",0.602788061384228,0.00144800424467318
2014,"black","other_op",0.590110190492734,0.00142275268713444
2015,"black","other_op",0.593717135127688,0.00144179226257593
2016,"black","other_op",0.785386069493828,0.00185129043634492
1979,"total","other_op",0.0130503739451976,6.43238521985956e-06
1980,"total","other_op",0.012564523234745,6.54061111073185e-06
1981,"total","other_op",0.0199394018802288,1.01303904289946e-05
1982,"total","other_op",0.0159253958045971,7.61061805613774e-06
1983,"total","other_op",0.0191449876850575,9.06067256025977e-06
1984,"total","other_op",0.0240663802731084,1.15371284742482e-05
1985,"total","other_op",0.0189410402147257,8.0985393122371e-06
1986,"total","other_op",0.0177611078869976,7.92509783192712e-06
1987,"total","other_op",0.0269957820006803,1.22968767525748e-05
1988,"total","other_op",0.0185284787157946,7.77421482700489e-06
1989,"total","other_op",0.0302602853175648,1.31891598294654e-05
1990,"total","other_op",0.0303073719990275,1.2462212705838e-05
1991,"total","other_op",0.0316180239782386,1.31750787895394e-05
1992,"total","other_op",0.0366035384816252,1.4858159918201e-05
1993,"total","other_op",0.0446039991256052,1.78833431918687e-05
1994,"total","other_op",0.0451577636704133,1.81443071998475e-05
1995,"total","other_op",0.0383581149538053,1.51294297035299e-05
1996,"total","other_op",0.0408502042142742,1.58490079964857e-05
1997,"total","other_op",0.0491868545291545,1.86714926493431e-05
1998,"total","other_op",0.0441078614212362,1.65159132241665e-05
1999,"total","other_op",1.05508632537889,0.000385891246941512
2000,"total","other_op",1.01632889196068,0.000360096118517241
2001,"total","other_op",1.00644373806489,0.000352944475734725
2002,"total","other_op",1.09109826675751,0.000380258744040558
2003,"total","other_op",1.07411691656691,0.000372035786415505
2004,"total","other_op",0.941661824018834,0.000323866149499411
2005,"total","other_op",0.966210975900837,0.000328573948142145
2006,"total","other_op",0.970599172362579,0.000328065751936789
2007,"total","other_op",0.891006405751939,0.000299969705203455
2008,"total","other_op",0.956912974620153,0.000319118591795848
2009,"total","other_op",0.85848815899213,0.000284642654939311
2010,"total","other_op",0.774142336883296,0.000257321841409064
2011,"total","other_op",0.904442453276908,0.000299276712386486
2012,"total","other_op",0.884642754242676,0.000290175531424628
2013,"total","other_op",0.859993518064477,0.000281361196821532
2014,"total","other_op",0.796656382906142,0.000257942136471805
2015,"total","other_op",0.869275217803573,0.000283054441976984
2016,"total","other_op",0.853850346650254,0.000276904534806291
1979,"white","other_op",0.0124484184637689,6.81691002291894e-06
1980,"white","other_op",0.0109502845633996,6.0927864367253e-06
1981,"white","other_op",0.0181976560952261,1.09391291291487e-05
1982,"white","other_op",0.0108536217354129,5.5677913291293e-06
1983,"white","other_op",0.0210895344629085,1.14916315068994e-05
1984,"white","other_op",0.0246281929673642,1.36495410789285e-05
1985,"white","other_op",0.0193068334602787,9.63889507689828e-06
1986,"white","other_op",0.0189470627645865,9.70400582350183e-06
1987,"white","other_op",0.0265732217372676,1.39195010618122e-05
1988,"white","other_op",0.0177647845458126,8.83736879041971e-06
1989,"white","other_op",0.0273750869426195,1.38361793417994e-05
1990,"white","other_op",0.0307645628863139,1.44739223714201e-05
1991,"white","other_op",0.0291664221373722,1.4296578770433e-05
1992,"white","other_op",0.0314922264958281,1.48316885274839e-05
1993,"white","other_op",0.0405614808470018,1.89635610871742e-05
1994,"white","other_op",0.0424651483556944,2.00365637780216e-05
1995,"white","other_op",0.0351756046608647,1.61756048712576e-05
1996,"white","other_op",0.0412993881619763,1.88636000730589e-05
1997,"white","other_op",0.0486430224919313,2.17782943908306e-05
1998,"white","other_op",0.0409281836219725,1.80463234802173e-05
1999,"white","other_op",0.96367733376506,0.000428280988707903
2000,"white","other_op",0.953503480798909,0.000416477298215099
2001,"white","other_op",0.97103621259647,0.000421636980592946
2002,"white","other_op",1.08401672134726,0.00046989966115111
2003,"white","other_op",1.07154528427396,0.000463248852532396
2004,"white","other_op",0.973716668444203,0.000420367336353967
2005,"white","other_op",1.01649716784723,0.000436151619274362
2006,"white","other_op",1.01967606740367,0.000436949413762959
2007,"white","other_op",0.954323228843755,0.000409561056679001
2008,"white","other_op",1.05587546135601,0.000450352137455545
2009,"white","other_op",0.946549676173641,0.000402601653421576
2010,"white","other_op",0.880051648441231,0.000378030272554482
2011,"white","other_op",1.01554349191723,0.000436916507324011
2012,"white","other_op",0.987237355321147,0.000423290146891866
2013,"white","other_op",0.999141716230253,0.000429006383112057
2014,"white","other_op",0.912840955454213,0.000387829884823426
2015,"white","other_op",1.00666209843555,0.000431737684175738
2016,"white","other_op",0.961145223820738,0.000413474563634902
1979,"black","unspec_op",0.23844440448403,0.00107817705538537
1980,"black","unspec_op",0.318854699550949,0.00140455053790205
1981,"black","unspec_op",0.241683502729909,0.00104210317890591
1982,"black","unspec_op",0.39123874393457,0.00169312587231181
1983,"black","unspec_op",0.331172348720449,0.00141325880606923
1984,"black","unspec_op",0.317538931485837,0.00136827352859449
1985,"black","unspec_op",0.453594847878325,0.00190855765242542
1986,"black","unspec_op",0.46545799450067,0.00192873846450459
1987,"black","unspec_op",0.552994114900672,0.00219455107830038
1988,"black","unspec_op",0.895720707134362,0.00350384648606323
1989,"black","unspec_op",1.01733896245032,0.00381560414583666
1990,"black","unspec_op",0.717479565635862,0.00259725293628059
1991,"black","unspec_op",1.03687239251919,0.00388995548171318
1992,"black","unspec_op",1.27119075683381,0.00464609792527242
1993,"black","unspec_op",1.72087538437801,0.0061074386715517
1994,"black","unspec_op",1.88704406333971,0.00665214599109025
1995,"black","unspec_op",1.75800513166658,0.00604080769597117
1996,"black","unspec_op",1.54529402765024,0.00510776015820765
1997,"black","unspec_op",1.51009236487102,0.00484560696905321
1998,"black","unspec_op",1.56937634972358,0.00499583481769868
1999,"black","unspec_op",0,0
2000,"black","unspec_op",0,0
2001,"black","unspec_op",0,0
2002,"black","unspec_op",0,0
2003,"black","unspec_op",0,0
2004,"black","unspec_op",0,0
2005,"black","unspec_op",0,0
2006,"black","unspec_op",0,0
2007,"black","unspec_op",0,0
2008,"black","unspec_op",0,0
2009,"black","unspec_op",0,0
2010,"black","unspec_op",0,0
2011,"black","unspec_op",0,0
2012,"black","unspec_op",0,0
2013,"black","unspec_op",0,0
2014,"black","unspec_op",0,0
2015,"black","unspec_op",0,0
2016,"black","unspec_op",0,0
1979,"total","unspec_op",0.237933534234025,0.000112644009346071
1980,"total","unspec_op",0.224606790503903,0.000104945408264996
1981,"total","unspec_op",0.212173709892051,9.64189476769282e-05
1982,"total","unspec_op",0.265072569945376,0.000118654210044619
1983,"total","unspec_op",0.257420507546069,0.000111207082775798
1984,"total","unspec_op",0.265929484455304,0.000114768258747859
1985,"total","unspec_op",0.308067782946487,0.000132719110655668
1986,"total","unspec_op",0.352441709960336,0.000149358931270012
1987,"total","unspec_op",0.361441523642018,0.000150832434054814
1988,"total","unspec_op",0.464654594517931,0.00019229252099441
1989,"total","unspec_op",0.518165920370335,0.000213920331845432
1990,"total","unspec_op",0.451023991448035,0.0001803491542472
1991,"total","unspec_op",0.564771017208964,0.000226618353752279
1992,"total","unspec_op",0.745296775738857,0.000294080473723012
1993,"total","unspec_op",0.981405448499623,0.000382291978383659
1994,"total","unspec_op",1.03330947367966,0.000398576593290625
1995,"total","unspec_op",1.04667262636113,0.00039761726704438
1996,"total","unspec_op",1.06190534862302,0.000399520052817713
1997,"total","unspec_op",1.1743441710299,0.000436826305442091
1998,"total","unspec_op",1.35309877576603,0.000499675276606913
1999,"total","unspec_op",0,0
2000,"total","unspec_op",0,0
2001,"total","unspec_op",0,0
2002,"total","unspec_op",0,0
2003,"total","unspec_op",0,0
2004,"total","unspec_op",0,0
2005,"total","unspec_op",0,0
2006,"total","unspec_op",0,0
2007,"total","unspec_op",0,0
2008,"total","unspec_op",0,0
2009,"total","unspec_op",0,0
2010,"total","unspec_op",0,0
2011,"total","unspec_op",0,0
2012,"total","unspec_op",0,0
2013,"total","unspec_op",0,0
2014,"total","unspec_op",0,0
2015,"total","unspec_op",0,0
2016,"total","unspec_op",0,0
1979,"white","unspec_op",0.239773796713937,0.000129259022466479
1980,"white","unspec_op",0.215460295159223,0.000115648074985049
1981,"white","unspec_op",0.211099731225854,0.000110206119630952
1982,"white","unspec_op",0.253208658480436,0.000130295724954018
1983,"white","unspec_op",0.250329044271089,0.000123926911778866
1984,"white","unspec_op",0.264156932750301,0.000130687117128234
1985,"white","unspec_op",0.29618973963725,0.000147197284332821
1986,"white","unspec_op",0.34616102678973,0.00016965182644973
1987,"white","unspec_op",0.34428979372942,0.000167451377057783
1988,"white","unspec_op",0.42114323685387,0.000202789131472085
1989,"white","unspec_op",0.468525704985743,0.000227132100128184
1990,"white","unspec_op",0.425021071955729,0.000199402582789126
1991,"white","unspec_op",0.5259436133177,0.000247567393873165
1992,"white","unspec_op",0.70393766085269,0.000327091460772948
1993,"white","unspec_op",0.925321385098674,0.000426866148965361
1994,"white","unspec_op",0.959762464942346,0.000438847457119706
1995,"white","unspec_op",0.991864185219592,0.000448607391525675
1996,"white","unspec_op",1.04164587749849,0.000469128884135077
1997,"white","unspec_op",1.17750214142866,0.000526960813185693
1998,"white","unspec_op",1.39168242001419,0.000620531148119263
1999,"white","unspec_op",0,0
2000,"white","unspec_op",0,0
2001,"white","unspec_op",0,0
2002,"white","unspec_op",0,0
2003,"white","unspec_op",0,0
2004,"white","unspec_op",0,0
2005,"white","unspec_op",0,0
2006,"white","unspec_op",0,0
2007,"white","unspec_op",0,0
2008,"white","unspec_op",0,0
2009,"white","unspec_op",0,0
2010,"white","unspec_op",0,0
2011,"white","unspec_op",0,0
2012,"white","unspec_op",0,0
2013,"white","unspec_op",0,0
2014,"white","unspec_op",0,0
2015,"white","unspec_op",0,0
2016,"white","unspec_op",0,0
1979,"black","nonh_nonm",0.257790001384971,0.00117816353567159
1980,"black","nonh_nonm",0.339786006191122,0.00152299694018132
1981,"black","nonh_nonm",0.271731410125976,0.00115892752207949
1982,"black","nonh_nonm",0.450205656242784,0.00204297327042759
1983,"black","nonh_nonm",0.333798638976475,0.00142015620657812
1984,"black","nonh_nonm",0.337085038227537,0.00145033771564102
1985,"black","nonh_nonm",0.467301303570173,0.00194660316319122
1986,"black","nonh_nonm",0.477188227672323,0.00197951216740572
1987,"black","nonh_nonm",0.5859084944442,0.00235544911514586
1988,"black","nonh_nonm",0.922089194941755,0.0036016186588327
1989,"black","nonh_nonm",1.06852423635982,0.00401841489280538
1990,"black","nonh_nonm",0.752488013442981,0.00275737055609217
1991,"black","nonh_nonm",1.09521820658054,0.00410289061553749
1992,"black","nonh_nonm",1.35183116622911,0.00499215503150787
1993,"black","nonh_nonm",1.79658793915817,0.00638603373436202
1994,"black","nonh_nonm",1.95570514187257,0.00690403370466678
1995,"black","nonh_nonm",1.83364078996404,0.00634264087961716
1996,"black","nonh_nonm",1.59097495896492,0.0052624604167856
1997,"black","nonh_nonm",1.55392646315275,0.00499855068417719
1998,"black","nonh_nonm",1.63188091487278,0.00520807790602858
1999,"black","nonh_nonm",2.74199900296905,0.00845658634528772
2000,"black","nonh_nonm",2.60929908139512,0.00781173569321192
2001,"black","nonh_nonm",2.52000489621313,0.00741305794383539
2002,"black","nonh_nonm",2.57527143264789,0.00744975256331349
2003,"black","nonh_nonm",2.47011401797164,0.00702667404449815
2004,"black","nonh_nonm",2.15843874034605,0.00603529784719131
2005,"black","nonh_nonm",2.2485263803471,0.00619153707479215
2006,"black","nonh_nonm",2.98226369003057,0.00805491655642135
2007,"black","nonh_nonm",2.23011665480838,0.00589430771344311
2008,"black","nonh_nonm",2.25251322278956,0.00588477132805965
2009,"black","nonh_nonm",2.30382926643366,0.00598123448514311
2010,"black","nonh_nonm",2.23909610032205,0.00565072212464658
2011,"black","nonh_nonm",2.41622515603243,0.00603885276172866
2012,"black","nonh_nonm",2.48785984300338,0.0061295876146802
2013,"black","nonh_nonm",2.52219759730492,0.00614114967495383
2014,"black","nonh_nonm",3.26155704577157,0.00792412722645082
2015,"black","nonh_nonm",4.17999134950924,0.0100767923179112
2016,"black","nonh_nonm",7.85562632484132,0.0185160916561349
1979,"total","nonh_nonm",0.250983908179222,0.00011907639456593
1980,"total","nonh_nonm",0.237171313738648,0.000111486019375727
1981,"total","nonh_nonm",0.23211311177228,0.000106549338105923
1982,"total","nonh_nonm",0.280997965749973,0.000126264828100757
1983,"total","nonh_nonm",0.276565495231126,0.000120267755336057
1984,"total","nonh_nonm",0.289995864728413,0.000126305387222107
1985,"total","nonh_nonm",0.327008823161212,0.000140817649967905
1986,"total","nonh_nonm",0.370202817847333,0.00015728402910194
1987,"total","nonh_nonm",0.388437305642699,0.000163129310807389
1988,"total","nonh_nonm",0.483183073233726,0.000200066735821414
1989,"total","nonh_nonm",0.5484262056879,0.000227109491674898
1990,"total","nonh_nonm",0.481331363447063,0.000192811366953038
1991,"total","nonh_nonm",0.596389041187203,0.000239793432541818
1992,"total","nonh_nonm",0.781900314220482,0.000308938633641213
1993,"total","nonh_nonm",1.02600944762523,0.000400175321575528
1994,"total","nonh_nonm",1.07846723735007,0.000416720900490472
1995,"total","nonh_nonm",1.08503074131493,0.00041274669674791
1996,"total","nonh_nonm",1.10275555283729,0.000415369060814199
1997,"total","nonh_nonm",1.22353102555906,0.000455497798091434
1998,"total","nonh_nonm",1.39720663718726,0.000516191189831079
1999,"total","nonh_nonm",2.243259160262,0.000821536621820748
2000,"total","nonh_nonm",2.22926857825778,0.000790598011216582
2001,"total","nonh_nonm",2.4410545944588,0.000855890823207203
2002,"total","nonh_nonm",2.91569496123335,0.00101458587190454
2003,"total","nonh_nonm",3.06520302970402,0.00105892119566468
2004,"total","nonh_nonm",3.10139457392873,0.00106181375226717
2005,"total","nonh_nonm",3.28865066596871,0.00111496173679381
2006,"total","nonh_nonm",3.91279733555006,0.00131547041792851
2007,"total","nonh_nonm",4.03240987287206,0.00134867974232345
2008,"total","nonh_nonm",4.36926841863281,0.00145138241038163
2009,"total","nonh_nonm",4.6119459086255,0.00152342099969427
2010,"total","nonh_nonm",4.89756601313977,0.00161597266482211
2011,"total","nonh_nonm",5.12874005291765,0.00168701204225368
2012,"total","nonh_nonm",4.89937926296714,0.00160287122238903
2013,"total","nonh_nonm",4.96222490775297,0.00160831211601576
2014,"total","nonh_nonm",5.72134219583152,0.00185541464850212
2015,"total","nonh_nonm",6.94388529427441,0.00225823365699552
2016,"total","nonh_nonm",10.0234247598758,0.00326164583227195
1979,"white","nonh_nonm",0.252222215177706,0.000136075932489398
1980,"white","nonh_nonm",0.226410579722623,0.000121740861421774
1981,"white","nonh_nonm",0.22929738732108,0.0001211452487601
1982,"white","nonh_nonm",0.264062280215849,0.000135863516283147
1983,"white","nonh_nonm",0.271418578733998,0.000135418543285765
1984,"white","nonh_nonm",0.288785125717666,0.000144336658207162
1985,"white","nonh_nonm",0.315496573097529,0.000156836179409719
1986,"white","nonh_nonm",0.365108089554316,0.000179355832273232
1987,"white","nonh_nonm",0.370863015466687,0.000181370878119595
1988,"white","nonh_nonm",0.438908021399682,0.000211626500262505
1989,"white","nonh_nonm",0.495900791928363,0.000240968279469983
1990,"white","nonh_nonm",0.455785634842043,0.000213876505160546
1991,"white","nonh_nonm",0.555110035455073,0.000261863972643598
1992,"white","nonh_nonm",0.735429887348518,0.000341923149300432
1993,"white","nonh_nonm",0.965882865945676,0.000445829710052536
1994,"white","nonh_nonm",1.00222761329804,0.000458884020897728
1995,"white","nonh_nonm",1.02703978988046,0.000464782996396932
1996,"white","nonh_nonm",1.08294526566047,0.000487992484208136
1997,"white","nonh_nonm",1.22614516392059,0.000548739107576523
1998,"white","nonh_nonm",1.43261060363616,0.00063857747159948
1999,"white","nonh_nonm",2.27816690315284,0.00101049188693857
2000,"white","nonh_nonm",2.31806434875933,0.0010100311790023
2001,"white","nonh_nonm",2.59823220939468,0.00112443252597563
2002,"white","nonh_nonm",3.16715727203819,0.00136525617046695
2003,"white","nonh_nonm",3.37813852521547,0.00145199654274405
2004,"white","nonh_nonm",3.47113307657416,0.00148542685597063
2005,"white","nonh_nonm",3.68989925635258,0.00157009688390036
2006,"white","nonh_nonm",4.37486169644108,0.00185660198507306
2007,"white","nonh_nonm",4.65008867943484,0.00197218146807873
2008,"white","nonh_nonm",5.0700640331899,0.00214478098641136
2009,"white","nonh_nonm",5.35978490548696,0.00226228413410742
2010,"white","nonh_nonm",5.77353190350773,0.00245076457217117
2011,"white","nonh_nonm",6.04513868020683,0.00256686888043607
2012,"white","nonh_nonm",5.74414229355414,0.00243548460863257
2013,"white","nonh_nonm",5.84243090012056,0.00246160628471935
2014,"white","nonh_nonm",6.6888738838579,0.00283004329447366
2015,"white","nonh_nonm",8.16495872895715,0.00348709247116168
2016,"white","nonh_nonm",11.5635631348471,0.00498685519811303
