"year","race_ethnicity","opioid_rate","drug_rate","nonopioid_rate","opium_rate","heroin_rate","natural_rate","methadone_rate","synth_rate","other_op_rate","unspec_op_rate","nonh_nonm_rate","opioid_var","drug_var","nonopioid_var","opium_var","heroin_var","natural_var","methadone_var","synth_var","other_op_var","unspec_op_var","nonh_nonm_var"
1999,"all_hispanic",3.47515769124594,5.44130220866194,1.966144517416,0,1.13300920898697,1.34464619128686,0.244464558835273,0.152173356292444,1.2875916351986,0,2.74430206812307,0.0125845911333204,0.0199627463523524,0.00737815521903192,0,0.00411901395594092,0.00486973850669529,0.000941084147778672,0.000572957625707136,0.00469027019474773,0,0.0100192830032299
2000,"all_hispanic",2.65313180432607,4.51286979828621,1.85973799396015,0,0.875321611260289,0.879090155577638,0.196775685822961,0.0979643067609261,1.0747453760902,0,2.00194368938047,0.00884061772894963,0.0159138088044988,0.00707319107554915,0,0.00291966431781084,0.00301007772039046,0.000646945627916689,0.000358247735090787,0.00356554887116822,0,0.0067275331872322
2001,"all_hispanic",2.62841211218284,4.44534221647673,1.81693010429389,0.00649672045900166,0.837056560910252,0.857735816034401,0.256776547835647,0.115536145028626,0.987989888196323,0,1.90722801531252,0.00866595630990735,0.0148943954614111,0.00622843915150376,2.16500681820565e-05,0.00271249291972388,0.00298298881867233,0.000839213495583145,0.000448870796427138,0.00316571204152234,0,0.00642480197029241
2002,"all_hispanic",3.17237533739192,5.34346930045102,2.17109396305909,0,1.02621651528962,1.16235664451548,0.321783404611552,0.170140151036955,1.0246036594206,0,2.25028989906508,0.0101043070866481,0.0173877348573691,0.00728342777072095,0,0.00326105703222934,0.0037672133942441,0.00107157290492011,0.000558507470764959,0.00322049190143442,0,0.00718749814933797
2003,"all_hispanic",3.23480067613304,5.61414137526744,2.3793406991344,0,1.02218344943732,1.0895571467638,0.425909392389093,0.15404118295664,1.06475745078771,0,2.22873776138572,0.00976952483373261,0.0175400744338822,0.00777054960014963,0,0.00316046608747957,0.00330134193165646,0.00129713995952399,0.000523819545519738,0.00317923673999548,0,0.00673370686915306
2004,"all_hispanic",2.85198642926877,5.19877031765384,2.34678388838507,0,0.753028055884342,0.989255195734086,0.468300686613889,0.205205786951181,0.801734083332033,0,1.89090209529647,0.00852312644679356,0.0157756524609586,0.00725252601416507,0,0.00215257026463257,0.00305092321115436,0.00136636325320194,0.000661754359802606,0.00240148957230966,0,0.00576885093635792
2005,"all_hispanic",2.97481605889754,5.74376769983454,2.768951640937,0,0.797415510135202,1.03569705105097,0.546898347128107,0.167569132275752,0.867956383011308,0,2.00240763759244,0.00818623834128787,0.0164466342487606,0.00826039590747268,0,0.00211113326130629,0.00297667767271064,0.00149382084450643,0.000506128835188976,0.00238294891506878,0,0.00565076739172075
2006,"all_hispanic",3.25316374206537,6.29648161866084,3.04331787659547,0,0.816379836976471,1.23978323669522,0.59928025012157,0.339387856017844,0.761053989931584,0,2.21574525070396,0.00866742542012269,0.0172265327130822,0.00855910729295951,0,0.00216557264042759,0.00344259385136422,0.00157113569794182,0.000885721442729092,0.00199912617557346,0,0.00599864901279508
2007,"all_hispanic",3.18183829109598,5.93273803521005,2.75089974411407,0,0.815928557376461,1.38665256580581,0.614349665809181,0.202705381174882,0.634079049031343,0,2.10923100596482,0.00796585031146174,0.015315609077651,0.00734975876618927,0,0.00198733273927215,0.00356128668636499,0.00150120284978321,0.000600093142539884,0.00154761073818623,0,0.0053867247862242
2008,"all_hispanic",3.3623152641826,5.83581007539728,2.47349481121468,0,1.00450652695475,1.39839839264851,0.606310021684063,0.187352992487859,0.709375027899325,0,2.17461203484806,0.00812583451225433,0.0145414647033304,0.00641563019107604,0,0.00233181635017289,0.00341363166745134,0.00146075258246215,0.000503740074216061,0.00174930927619017,0,0.00535774555779928
2009,"all_hispanic",3.22708642643385,5.84879006294286,2.62170363650901,0,0.99469371887326,1.35596678802998,0.527279811076831,0.295380617657249,0.582802743947963,0,2.11146423924688,0.00752871078106727,0.0141779293991862,0.00664921861811898,0,0.00225097495770114,0.00316532673410109,0.00121882737102918,0.000772396344079519,0.00139637329547238,0,0.00502994447241235
2010,"all_hispanic",2.89024992477974,5.58407083153559,2.69382090675586,0,0.840840772562667,1.19153854567406,0.567016241614125,0.237700463255547,0.482564059814742,0,1.80842917620568,0.00642125113575797,0.0130389085425222,0.00661765740676423,0,0.00187456949968616,0.00264830024612155,0.00122982443845054,0.000568725873986996,0.00106634104015676,0,0.00404200489435561
2011,"all_hispanic",3.29865562161889,6.13258080083851,2.83392517921962,0,1.03243096849129,1.43401349603828,0.501626743461119,0.257898220647705,0.517234178832054,0,2.10937744543909,0.00699880631790237,0.013553362334018,0.00655455601611566,0,0.00214822465699106,0.00311027022493235,0.00104641943913834,0.000580355979908616,0.00107094876014914,0,0.00454483319225646
2012,"all_hispanic",3.45351378702171,6.27012004279828,2.81660625577657,0,1.29641148207352,1.4213679053887,0.48396490621313,0.250351878758331,0.499280561899333,0,2.06065273395698,0.00725734593728359,0.0135795340677059,0.00632218813042227,0,0.00265270079035991,0.00304208137524318,0.00101714608176599,0.00057449050341848,0.00104341662499289,0,0.00441207396839417
2013,"all_hispanic",3.81748373349301,6.65982675858206,2.84234302508905,0,1.58418007546619,1.48392454010333,0.494411418944517,0.318969531142437,0.497720913452917,0,2.18668402298778,0.00777130214816981,0.0140097605150255,0.0062384583668557,0,0.00311872405843561,0.00312441729832076,0.00103837459154506,0.000650729407396701,0.00102149738257002,0,0.00455117973564465
2014,"all_hispanic",3.99343813949802,6.7687133365329,2.77527519703488,0,1.93856639966618,1.41651903356176,0.443903911265996,0.565617325182633,0.406845820465619,0,2.21369658886099,0.00789744111792966,0.0137108233073366,0.0058133821894069,0,0.00371237434630203,0.00288621635836588,0.000893644041842495,0.00109971171126557,0.000808110760247214,0,0.00445797517062824
2015,"all_hispanic",4.59397141464399,7.69781001681656,3.10383860217257,0,2.33746672108128,1.47943876829056,0.438022421336392,0.942655385475644,0.42240984290271,0,2.58135887643958,0.00870210601933771,0.0150025554725163,0.00630044945317856,0,0.00433933166186242,0.00289832455484971,0.000837233901581816,0.00174995431028302,0.000819302361475517,0,0.00497157226855823
2016,"all_hispanic",6.1252680842395,9.43494376857295,3.30967568433345,0,2.74711289639408,1.67412500150166,0.508664843769773,2.66604207804472,0.448430219632097,0,4.22286062817747,0.011241840745631,0.0176233701868918,0.00638152944126081,0,0.00500828194602616,0.00316311813440012,0.000959786078815048,0.0048423211036807,0.000815546919571457,0,0.00777303128141411
2017,"all_hispanic",6.85249585761823,10.5879200377381,3.73542418011984,0.0018390923819262,2.90739901960931,1.76816878548424,0.524206832287188,3.72397984456741,0.343631147790433,0,5.19559400522721,0.0122879345049967,0.0193317456693108,0.00704381116431408,3.38226078925898e-06,0.00520357102422365,0.00323502227373201,0.000998819875413125,0.00661321800082114,0.000622422670655019,0,0.00932681890324862
2018,"all_hispanic",7.4638626461648,10.9624175051775,3.49855485901269,0.00132304461655345,3.03578663192029,1.55401519153111,0.515407742401743,4.68962083121308,0.302762812044866,0,5.87998637384416,0.0130877758978625,0.0195569335093307,0.00646915761146819,1.75044705739106e-06,0.00533993745159726,0.00279045096307482,0.000944003103007196,0.00816150885963926,0.000541303967932264,0,0.0103119664276045
1999,"black",3.45143356948455,7.41890373511265,3.9674701656281,0,0.815627254115353,0.609099890417935,0.20797218349292,0.112398086352499,2.0125904683099,0,2.68370485287192,0.0104159266367115,0.022698298703227,0.0122823720665155,0,0.00248943356826338,0.00186851784285972,0.000617962410016678,0.00034120908237711,0.00604367077245237,0,0.00809824901005376
2000,"black",3.39423570996095,7.16240337592827,3.76816766596731,0,0.872299455664302,0.588663635624953,0.201406728151698,0.11813854633705,1.90889621272414,0,2.57157968936584,0.00999897823511469,0.0214618350105376,0.011462856775423,0,0.00258162254197073,0.00174757415239111,0.000586679076756492,0.000354162610716288,0.00562066165757096,0,0.00759113703900579
2001,"black",3.29741208115298,7.43647540623676,4.13906332508378,0,0.743990214408391,0.644867168900009,0.302075425728418,0.146811776250204,1.72086026118341,0,2.48148069388772,0.00953429066809796,0.0218361456357812,0.0123018549676832,0,0.00216498227572296,0.00188250549913445,0.000869084582613724,0.000430105981024133,0.00496761566397231,0,0.0071921400932739
2002,"black",3.54529234541048,8.00142337128204,4.45613102587156,0,0.897503280885142,0.768751715326663,0.404264604874079,0.174011135758526,1.65935198484803,0,2.53385697066789,0.0100773035470654,0.0229315855298473,0.0128542819827818,0,0.00256631063116039,0.00220621567145693,0.001142901176616,0.00049505425283164,0.00471123131128564,0,0.0072161311155392
2003,"black",3.39643848265027,8.00487143571265,4.60843295306238,0.00246721450581128,0.756298880934109,0.731378248261066,0.414050689137494,0.138344536201042,1.60349507828323,0,2.42786899239594,0.00947626018507853,0.0226299280235581,0.0131536678384795,6.08714741768562e-06,0.00210716033658398,0.00204621108985529,0.00114785200380755,0.000379233224582474,0.00448902618108952,0,0.00679284839542363
2004,"black",3.09663908093929,8.0431391746105,4.94650009367121,0,0.610111561569909,0.840930045966995,0.588101054649179,0.170667806565483,1.20047231734278,0,2.11952760299175,0.00846742673262327,0.0222955650152664,0.0138281382826431,0,0.00167334500756111,0.00228731909161204,0.00157834528201038,0.000457170345848111,0.00332497777187926,0,0.00582381384302912
2005,"black",3.34928298369943,9.06841890130718,5.71913591760775,0,0.76570124910557,0.917570517862469,0.706675870299818,0.225798388045029,1.13862187653274,0,2.20318952873951,0.00901811519277137,0.0245699475868158,0.0155518323940444,0,0.00207106391387019,0.00247970486216822,0.00188976153021471,0.000603918113813237,0.0030802490624758,0,0.00595579053489426
2006,"black",4.07149782596777,10.423844099598,6.35234627363019,0,0.715210098044173,1.01369264765271,0.842222047848503,0.94752645131504,1.19413866471837,0,2.92360274651557,0.0107680286678365,0.0278014948644581,0.0170334661966215,0,0.00188406595010945,0.00266204527240217,0.00221749998219517,0.00251649633109589,0.00317968449470956,0,0.00774469531133878
2007,"black",3.44420231333716,9.35868726177755,5.91448494844039,0,0.745301261411877,1.06733093415729,0.804028031914992,0.23922522736914,0.961838837903091,0,2.18265567462953,0.00891403652476082,0.0245001286082168,0.015586092083456,0,0.00194472614217028,0.00273991867315514,0.00205129996484348,0.000631549754505459,0.00250419697402457,0,0.00564967716883974
2008,"black",3.31512628676351,8.11462873632578,4.79950244956227,0,0.758804684381285,1.20099908478592,0.630617643984468,0.2283464812861,0.87593046501126,0,2.19801032250732,0.00843515715633799,0.0209158651822705,0.0124807080259325,0,0.0019155078520309,0.00305550099627945,0.00159363509602835,0.000594563349029299,0.00226105622818595,0,0.00561412985508634
2009,"black",3.47441556982563,7.98797246948959,4.51355689966395,0,0.865381152509344,1.29670594946887,0.661786720938385,0.326587426370128,0.767504899150316,0,2.24988723037406,0.00872021964630863,0.0202062624260039,0.0114860427796953,0,0.0021539391293022,0.00329512371881171,0.00162588892725154,0.000810433076902182,0.00195940170057157,0,0.00570846920993927
2010,"black",3.24867754088532,7.70316026927294,4.45448272838761,0.00212646542472478,0.731416934946513,1.36859992870598,0.602344180962543,0.34933154153605,0.599488666947155,0,2.18123246150305,0.00795406997999125,0.0191324701424716,0.0111784001624804,4.52185520254996e-06,0.00178890369619894,0.00333191365403774,0.00144855630944597,0.00085879861387212,0.00151134075914313,0,0.00536622253442241
2011,"black",3.60667790220818,8.25896347416613,4.65228557195796,0,0.941569745508276,1.40500364881708,0.671565826023377,0.317765518276741,0.762530805938909,0,2.35198872306067,0.00874550483467514,0.0202640245558328,0.0115185197211576,0,0.00227271030189784,0.00339919473626331,0.00161594749423696,0.000768651957401258,0.00187087106580975,0,0.00572475221100928
2012,"black",3.89981720461428,8.4218784791969,4.52206127458262,0,1.261634394046,1.49674200448313,0.56788004617401,0.296401772038493,0.775283331160085,0,2.42215431292647,0.00934867642328287,0.0204047615193709,0.011056085096088,0,0.00302292266201883,0.00360233796856653,0.00134040289379676,0.000706791636278169,0.00185083234220351,0,0.00581209367317506
2013,"black",4.50559435581297,9.25111513736957,4.74552078155659,0,1.96423490128078,1.60902850461253,0.560711044657409,0.468451910730311,0.58755944516355,0,2.45358985176449,0.0106142008246467,0.021997018366572,0.0113828175419253,0,0.00459891045414902,0.00381453641429239,0.00131644332662445,0.00110395730967711,0.00137563913155336,0,0.0058123934928383
2014,"black",5.39017306384997,10.1252253155174,4.73505225166743,0,2.44183700591193,1.89682722846468,0.591217663828047,1.05535510938095,0.571983037081183,0,3.1688000343525,0.0126765253639697,0.0239095868492983,0.0112330614853286,0,0.0057095133458469,0.00443710357283656,0.00136858318475938,0.00251326907016237,0.00134194801454161,0,0.00748098050545801
2015,"black",6.37126182238764,11.7286543217829,5.3573924993953,0,3.02855280345708,2.05050445558478,0.562469285933137,2.03905348730712,0.577501171356327,0,4.05640780050224,0.0148476572832425,0.0273924460989111,0.0125447888156686,0,0.00701258501104696,0.0048546108947996,0.00128503412632775,0.00472068866083942,0.00136338279597241,0,0.00949095819542566
2016,"black",9.96364640760397,16.4542632715148,6.49061686391086,0,4.36163818258293,2.60978986908619,0.655282071238994,5.45587687566948,0.761947699299243,0,7.61348833531794,0.0227747229001302,0.0378019785591395,0.0150272556590093,0,0.00998509259695865,0.00597904495961963,0.00145384133786745,0.0124417774099033,0.00174195785903963,0,0.0173927675523665
2017,"black",12.347628882764,19.7629889684942,7.41536008573028,0,4.76316691480418,2.76863847427753,0.735956589924737,8.58442740464093,0.639907606472626,0,10.5116233875984,0.0279927718789108,0.0448982189567344,0.0169054470778236,0,0.0107065062067472,0.00628385708829454,0.00162136880776027,0.0194696862380771,0.00143966616061117,0,0.0238667364769843
2018,"black",13.4722884960099,20.2840486124299,6.81176011641999,0,4.74221601173934,2.60459349571586,0.710827247576919,10.6129056650176,0.505355456638234,0,12.1221011010219,0.0301576004051093,0.0454659015581392,0.0153083011530299,0,0.0105492108620867,0.00583036137283081,0.00153115933750882,0.0238206308809066,0.00111813221704934,0,0.027175438025784
1999,"nh_american_indian",2.92026881301066,5.99376638170545,3.07349756869479,0,0.726195615345981,1.02224158470954,0.316393831367365,0.314345386754641,1.01616595425026,0,2.30944961293023,0.132618520915685,0.288671215664399,0.156052694748714,0,0.0311922488327117,0.0458724046062217,0.0145128111030783,0.0142247864929638,0.0474163381816077,0,0.105638352382706
2000,"nh_american_indian",2.72445478009516,5.48155988689395,2.75710510679879,0,0.676940286347983,1.03158526015779,0.389575312840651,0.329257523014696,0.703354873830145,0,2.02117531137165,0.11871981069462,0.248889010953246,0.130169200258626,0,0.0307632174961815,0.0447168531648595,0.0169390660702088,0.013704027811617,0.0310192090096726,0,0.0875891677625575
2001,"nh_american_indian",3.45145376710241,6.89174300454716,3.44028923744475,0,0.464695356720075,1.50108824764135,0.500120705901994,0.368080336920675,0.996205969086877,0,2.65071390095682,0.158087648225475,0.315238467018661,0.157150818793187,0,0.0197069435651292,0.0719763887759164,0.0210354406164986,0.0171599879639801,0.0442206011266853,0,0.124126645013372
2002,"nh_american_indian",4.15442571421093,8.48903512711673,4.3346094129058,0,0.482230205660095,1.75255478629898,0.904777192000296,0.506596920781819,0.938861944841369,0,3.07428653619983,0.177597223380064,0.366009660427201,0.188412437047137,0,0.0211834888449969,0.0753258148528025,0.0377151378202683,0.0216190160324263,0.0403660125587379,0,0.132155742842236
2003,"nh_american_indian",5.26212727655845,10.7565303545625,5.49440307800401,0,0.650651022691345,1.97961433475372,1.34754252146738,0.712241221213683,1.25178831293583,0,3.68418462250235,0.230032713165675,0.471318914209733,0.241286201044058,0,0.028385934987628,0.086272993148324,0.0601945696790262,0.0299368443547248,0.0574425804402787,0,0.162429036545265
2004,"nh_american_indian",6.22582733381168,12.55212511059,6.32629777677836,0,0.686715897018812,2.42570104093502,2.00400304792858,0.877637592771044,1.18386194863444,0,4.15744953756912,0.270619828684636,0.55125812699067,0.280638298306034,0,0.0296701224273521,0.10713443838483,0.0842440983906052,0.0368898242429627,0.0524646823734007,0,0.182775555656901
2005,"nh_american_indian",6.90872944998875,13.0828131053425,6.17408365535371,0,0.413807545318354,2.721131759173,2.22525956968244,1.07016794217956,1.2104247119783,0,4.81391296429894,0.307168238019276,0.569256003446166,0.26208776542689,0,0.0174212505289998,0.130316191586836,0.0919359042563011,0.0466369714540209,0.0513115589234688,0,0.219334136745113
2006,"nh_american_indian",7.11159390859347,14.1416717223314,7.03007781373796,0,0.616362064131198,2.86577364837601,2.47541785130147,1.17887646361064,0.974849053569189,0,4.74360386621946,0.305583403814019,0.611080108527187,0.305496704713168,0,0.0258080021232606,0.119158440336934,0.104509983601056,0.0546648236663742,0.0420546718052314,0,0.204807559831091
2007,"nh_american_indian",7.86650540344451,14.2747777593306,6.40827235588604,0,0.901705507717032,3.43920851979613,2.32349666197456,0.938887682046265,1.29772239742026,0,5.49195121741359,0.324267901849092,0.623394019785565,0.299126117936473,0,0.0358837300654436,0.142795528553906,0.0958842599514708,0.0390448775364357,0.055265459151164,0,0.228644917020405
2008,"nh_american_indian",9.35941938392093,15.8608142318301,6.50139484790913,0,0.717924164501921,3.79268053837308,2.91464474013708,1.87935983746013,1.3190870656719,0,6.48106089786799,0.387437042498507,0.656946244550097,0.26950920205159,0,0.0290814407357977,0.156810497208234,0.115433173326204,0.0814463478360559,0.053827796027746,0,0.271839897571139
2009,"nh_american_indian",11.3832045988495,17.7308059160458,6.34760131719637,0,1.28457579226708,5.3385446830982,2.92472781526381,2.39167237448326,1.4358793689931,0,8.29435023908149,0.477319026961221,0.748596453065563,0.271277426104343,0,0.056381328358057,0.223840733544062,0.117124188412973,0.102740228811811,0.0605807089153104,0,0.349910360939765
2010,"nh_american_indian",9.37916908789482,16.8568805252451,7.47771143735028,0,1.12984924402812,5.00026283513862,2.70916024876695,1.24974575847604,0.781917834353503,0,6.46635576666312,0.385356745742871,0.699030150059184,0.313673404316313,0,0.0466476166236035,0.209393361625668,0.107674085572102,0.0485547077293347,0.0311768112449934,0,0.267386871489323
2011,"nh_american_indian",10.3435749478695,18.17403695238,7.83046200451051,0,1.75308341928575,4.78070958674403,2.65995820607606,1.41057093296254,1.37445490870727,0,7.06113719199983,0.42619209668847,0.758970573720493,0.332778477032023,0,0.0722399318029364,0.196544192975565,0.103880070001165,0.0636038971638964,0.0588297722348421,0,0.297254584637307
2012,"nh_american_indian",11.0153222114031,18.9449160005443,7.92959378914118,0,1.76553738812743,5.74791372245425,2.2574705832979,1.57906657415957,1.49636182137245,0,8.06973693924287,0.44540150649357,0.772218350246291,0.326816843752721,0,0.0691959716100222,0.235351647850692,0.0937890806213096,0.0630878642989515,0.060749593623651,0,0.326630147938768
2013,"nh_american_indian",10.4978234508792,18.563133139048,8.06530968816879,0,2.68177022739708,5.56873083406347,1.90329633940469,1.22428395982998,0.87459405762573,0,7.26321668128742,0.416386384266686,0.752588130948071,0.336201746681385,0,0.106799597754387,0.220741832514647,0.0781968740757442,0.0469442360990372,0.0345240157845048,0,0.285078778219862
2014,"nh_american_indian",12.0210361850503,20.9665137610955,8.94547757604522,0,3.69453452897346,6.32090365673912,1.27294841750821,1.74248084538519,1.20286987420835,0,8.4310750187065,0.48824268134736,0.86068365306262,0.37244097171526,0,0.148385919642179,0.25784741833544,0.0499266419101431,0.0714283936988829,0.0470140539114442,0,0.344790499065777
2015,"nh_american_indian",12.2297109424682,21.3958797677417,9.16616882527345,0,4.45242847212092,5.89009536549688,1.5739713710841,2.10348515803976,1.74005789396516,0,8.67041191102324,0.495278825059165,0.864560559405947,0.369281734346782,0,0.175791704825818,0.238590927204419,0.0647034478991723,0.0903687549993523,0.0709259995500005,0,0.354771855041456
2016,"nh_american_indian",13.8418807744268,24.1631437174198,10.321262942993,0,4.98586650666757,5.44588387130321,1.37574725797762,4.10803945981396,1.31986687076969,0,9.82656816233122,0.545410254664644,0.959741021329043,0.414330766664399,0,0.199460471743817,0.215590046502326,0.0530694867573761,0.156598330443352,0.0523214688421597,0,0.386350560756601
2017,"nh_american_indian",15.7315712565663,25.794720584147,10.0631493275807,0,5.19351490626222,5.77782759925883,1.75498419902324,6.5487809377325,1.31703834539322,0,11.7865126989353,0.636258057023416,1.03759298795928,0.401334930935862,0,0.208561039087909,0.238124109987318,0.0691172764843559,0.262865876021395,0.0547097303353328,0,0.482109033898201
2018,"nh_american_indian",14.1860500136046,26.9101344175306,12.724084403926,0,5.09422329207751,3.92395209426983,1.03085541620684,7.32435345557068,1.03649955489854,0,10.9195416154921,0.565947362768058,1.07525422109358,0.509306858325519,0,0.204020493095576,0.157143165593485,0.0412633111167622,0.294941635817667,0.039120264544636,0,0.434867571789229
1999,"nhb",100.562048331624,222.979996415331,122.417948083708,0,24.4247503162618,18.6366388933328,5.91821272430254,3.33280538103009,57.5929224878102,0,78.0154616473435,9.81139757420429,24.1195303226154,14.3081327484111,0,2.4097425889806,1.90102952547855,0.548227785799223,0.359257460072154,5.56151391940238,0,7.63538324879378
2000,"nhb",97.6272188927264,211.612263475169,113.985044582442,0,25.5759867778733,17.4191101514417,5.22621509863144,3.53920765304504,54.4714054330343,0,74.1154151800193,9.0625550302359,21.5653284155002,12.5027733852643,0,2.39248927555746,1.65349119387914,0.462918805237745,0.342175766015814,5.06067401154103,0,6.93268743392524
2001,"nhb",91.9498515348971,211.426855542455,119.477004007558,0,21.5723709376238,18.2849451846019,8.13879622361105,4.15833029189718,47.4006900427947,0,68.9652731075786,8.18650741475888,20.255411564733,12.0689041499741,0,1.94609046528283,1.70225497155922,0.753846485489941,0.395748531106116,4.16448499433938,0,6.18995181393631
2002,"nhb",95.3595503882321,218.036645391784,122.677095003552,0,24.8041405784272,21.4970459777286,10.7522839099694,4.65824272970996,43.9698304082184,0,68.2207293905914,7.96457262439309,19.1454436266871,11.180871002294,0,2.11147084062282,1.91082902338009,0.867506373888556,0.392089781432674,3.61353363325173,0,5.74768636291138
2003,"nhb",88.2120938790652,210.978018977317,122.765925098252,0.0394229484296909,19.9570442430108,19.2839227532,10.8545616816367,3.48501736612727,41.1011997903534,0,62.8135061310285,6.98003031572965,17.6485951385359,10.6685648228063,0.00155416886289007,1.56537951691404,1.61029121647751,0.865289521243009,0.260096199682502,3.20431321252947,0,4.9967352762147
2004,"nhb",77.2962023259478,205.579048674881,128.282846348934,0,15.858880272385,21.2365768349752,14.0260057414104,4.03908370337382,30.1346634951128,0,53.1520571741939,5.82076248078583,16.3086797583791,10.4879172775932,0,1.22423705321171,1.63019246245029,0.981722261710738,0.275896528591279,2.30609141810088,0,4.05405188051256
2005,"nhb",81.1053891468046,221.794097663176,140.688708516371,0,19.0915690158416,22.6038926354139,16.7161164701348,5.22563357101002,27.3807154192528,0,53.4301383785876,5.85325946290366,16.3297900202994,10.4765305573958,0,1.40966132679573,1.67177625191582,1.19767676009931,0.348020028721377,1.97778352702641,0,3.88256527482704
2006,"nhb",96.2511851171856,248.21266646339,151.961481346205,0,17.307920561673,23.8590045941684,19.5750404025363,21.9619542749889,28.6494838829135,0,69.2818091923473,6.55366863093456,17.4352686011974,10.8815999702628,0,1.18045865062276,1.62694467037702,1.33834392891456,1.46227840999665,1.95274661295408,0,4.71139225475626
2007,"nhb",77.5087183821592,217.370317502946,139.861599120787,0,17.0973058702157,23.6440516174096,17.550853992418,5.41733588965756,22.3006279628451,0,49.1765312789336,4.96006903473768,14.6207426365602,9.66067360182248,0,1.1123380086315,1.51350929141115,1.08107416085557,0.356739290650044,1.44381406141017,0,3.15614668393506
2008,"nhb",72.7540495552504,182.127641781983,109.373592226732,0,17.5331825201459,26.1856546130292,13.3224938949974,4.97690736534629,19.3558433948109,0,48.0366782257976,4.46780468294859,11.6320311115992,7.16422642865065,0,1.09117914942057,1.62522112661426,0.783235767993625,0.329805468351103,1.19990985213337,0,2.96548039939417
2009,"nhb",74.2914088149284,173.553784910387,99.262376095459,0,18.9531290184538,27.3758635959676,14.2156185598586,7.26112750635695,16.5697646679629,0,48.0216184568882,4.38443588116026,10.500905372791,6.11646949163072,0,1.10556107277861,1.66328019908705,0.831418334316286,0.433810587484783,0.980291916285338,0,2.881591994439
2010,"nhb",66.5802482418701,162.483420863491,95.9031726216205,0.0279320968239766,15.3736966782785,27.5004115891286,12.4866631209268,7.09348761231646,12.5567318397845,0,44.4014206223688,3.611237760621,9.3180307709681,5.7067930103471,0.000780202032984006,0.845848322470244,1.46148732442213,0.656895172996081,0.384334919909535,0.707959041536265,0,2.41144833720281
2011,"nhb",70.60775024478,167.040985180392,96.4332349356117,0,18.8750422830612,27.1177746921428,13.1779072425102,6.19201093567147,15.3315893524084,0,45.8212844631926,3.61144278251539,9.02545175015059,5.4140089676352,0,0.975985086980477,1.36413645489505,0.663970000827023,0.321121909321571,0.802243593250355,0,2.33905904070728
2012,"nhb",73.796185327337,165.548423307615,91.7522379802775,0,24.082442350873,28.3082615941331,10.6213699343718,5.82309046893263,15.1223867351606,0,46.0967743377606,3.63352885052148,8.58823676065778,4.9547079101363,0,1.17246883197042,1.39087077382092,0.515830411104896,0.302884451708543,0.769035861618601,0,2.29739945025694
2013,"nhb",85.5642380879823,179.623917876826,94.0596797888439,0,37.7849668799476,30.0631908908026,10.3779877974027,8.96707163205868,11.6696172083761,0,46.6211745453764,4.08369700235978,8.8786266541315,4.79492965177172,0,1.82401630957232,1.41969817799993,0.488178894416634,0.429846954588135,0.575149053979111,0,2.23399446843006
2014,"nhb",98.0192161308575,188.363389862622,90.344173731764,0,45.0488336015033,34.6506384086524,10.8457257985157,18.7685321488648,10.4281662159919,0,57.0465753850698,4.47241532184047,8.85588890319506,4.38347358135458,0,2.07977127038293,1.59239619859475,0.484844762541566,0.828381448093214,0.472037190373028,0,2.58210387404195
2015,"nhb",111.532875043529,210.711747714896,99.1788726713666,0,53.7248181918367,36.2557060122689,10.2891339188188,35.0935403277248,9.99341214303072,0,70.3254407770504,4.83254711872823,9.39368123654535,4.56113411781712,0,2.32204838115387,1.61800694553472,0.456463833575319,1.48010602690337,0.431752363460038,0,3.04056559148764
2016,"nhb",169.842746120068,285.376914729519,115.534168609451,0,75.7679781629419,45.3416524126345,11.8602496662447,92.1789062868977,13.0374004569279,0,129.413697461815,7.01758406690109,12.0351083353048,5.01752426840376,0,3.1839823364796,1.89199985760817,0.499873037185727,3.7617757526609,0.546318439286807,0,5.32528754830373
2017,"nhb",206.794314955351,335.623508278893,128.829193323542,0,82.7651184963443,46.4603303092555,12.989233936252,142.958305492543,11.2549912342483,0,175.402110408859,8.19468288579212,13.5366294584909,5.34194657269881,0,3.36510408258677,1.83978803949087,0.538101943652762,5.62113735605189,0.464662498583755,0,6.93079321397629
2018,"nhb",221.935335728046,339.88146528774,117.946129559694,0,79.9958445684373,43.7025375568325,12.9795867462722,173.764424712457,8.61719456768889,0,199.320746566495,8.52996822046864,13.297297049793,4.76732882932439,0,3.1354139820734,1.7117411824738,0.532269814855973,6.6587239213664,0.340018739756819,0,7.65767269990739
1999,"nhw",21.0680259833222,49.405086936005,28.3370609526828,0.0103706879867669,4.62654364627153,8.03314892979868,2.29193998625577,2.60723157413805,6.20161671455782,0,16.0782222117381,0.0879992009139885,0.234988428689626,0.146989227775637,2.73997802364756e-05,0.0183253324319453,0.0352778381232446,0.00907905809525005,0.0122719191198003,0.0241546897049869,0,0.0682158940375957
2000,"nhw",21.8724499037494,49.5286996339347,27.6562497301853,0.00693382921483019,3.98896447481239,8.67413354364524,2.90797688174246,2.7987975875143,6.11485555419836,0,16.6664122089283,0.0858060888456135,0.218914922042864,0.13310883319725,2.78652404937605e-05,0.0142708061401007,0.0353451604984059,0.0110772240450766,0.0125986562286449,0.02284654975162,0,0.0668919417040284
2001,"nhw",24.6416232513071,53.3270724600179,28.6854492087107,0.0101270134537966,3.81137334489174,10.1192068117764,4.11338757352711,3.14502377892341,6.14813861055401,0,18.3617380392928,0.0923268029621282,0.219747156799906,0.127420353837777,3.74150129797535e-05,0.0130538922034471,0.0390199228601226,0.0147928742555647,0.013048187921145,0.0223468190222174,0,0.0702487862752417
2002,"nhw",30.3912431906658,62.9488994098041,32.5576562191383,0.0139477470254412,4.21739550676279,12.3980326131345,6.43579522168848,4.02002229138621,6.7402711812376,0,21.869311281714,0.108886602322497,0.247114679184032,0.138228076861536,0.000108673014091902,0.0137266354625422,0.0465007710840171,0.0218535009702087,0.0156397628593045,0.0232521557103615,0,0.0805879132410049
2003,"nhw",32.2543670984744,66.4201676328275,34.1658005343531,0.00686517459385411,4.15789045082785,13.4453038885393,7.83976506657982,4.19475317006675,6.36474387176816,0,22.6471998394843,0.110771154540345,0.245361374517488,0.134590219977143,2.36352781241199e-05,0.0131835872454382,0.0486020617074317,0.0253210799021253,0.0152933672057221,0.0212078030685659,0,0.0803128293120388
2004,"nhw",33.8274707931204,68.8129282235037,34.9854574303833,0.00309685695880203,3.68601504241959,13.9608615772736,9.5996150838031,4.76616641650305,5.78212950006791,0,23.0386122346332,0.110387711652549,0.241289923910194,0.130902212257645,9.59052302328054e-06,0.0109251993769979,0.047742638449737,0.0294911948548417,0.0166921504305178,0.0184021187744102,0,0.0776845428188245
2005,"nhw",35.3099858205413,70.8720277581666,35.5620419376254,0.00186771855905656,3.65196065853172,14.8923003999159,10.7782157104894,4.76810969644576,5.836408351478,0,23.8554031526937,0.111524463041613,0.237488155539031,0.125963692497417,3.48837261584433e-06,0.0103824385228838,0.0494748573309279,0.0320563032733649,0.0161260865593556,0.0179856296705973,0,0.0781110682968073
2006,"nhw",39.4815595319219,77.8757333548971,38.3941738229752,0.00184689100750968,3.6795985637156,17.2250378271787,12.4449300330708,6.10148533070632,5.70820874440382,0,27.024893982969,0.117474264418433,0.246418206584041,0.128943942165608,3.41100639362013e-06,0.00993282353211131,0.0535434680053073,0.0350009328948296,0.018717919821532,0.0168846900827161,0,0.0829068883196356
2007,"nhw",41.3314115929384,80.9406570310246,39.6092454380861,0.00722527116659056,4.24673251412771,19.4150718568125,12.2454289843892,5.5970843640494,5.26126780779848,0,28.2041854942571,0.118962735460682,0.246434193688589,0.127471458227907,1.77831839001186e-05,0.0111727912814409,0.0579318548502106,0.0329774861244667,0.0169889878305357,0.0151171565758877,0,0.083781404273992
2008,"nhw",42.2271859171565,80.312999861621,38.0858139444645,0,5.26350534263904,20.941384172455,10.667533111741,5.5872055300688,5.59689764186099,0,29.8896984138942,0.11636534820033,0.234950758103536,0.118585409903206,0,0.0130872285247515,0.0598414413986378,0.028059180343565,0.0159244381231336,0.0151514775084488,0,0.0846418516023882
2009,"nhw",42.6932154912798,78.6955255297469,36.0023100384671,0.00407306615020244,5.44034864808266,21.5714750409448,9.82398889439869,6.8355024571348,4.97165888356569,0,30.9738284482617,0.113923870376906,0.222205853504494,0.108281983127589,1.6589867863925e-05,0.0129285735089928,0.0593748398783863,0.0250979327502846,0.0191866663448287,0.0131691852882421,0,0.0849128408998445
2010,"nhw",43.1747208752179,79.1767300885896,36.0020092133717,0.00172409160710425,4.9290524694155,23.674418813172,9.18601989153943,6.76126093296442,4.43811608255966,0,32.4148755548198,0.110383666805428,0.213119207447139,0.102735540641711,2.97249186968731e-06,0.0111062852041447,0.062269319364071,0.0224299937644758,0.0179648700317342,0.0112484938022144,0,0.0849503443814091
2011,"nhw",44.5937301752677,82.0579590255788,37.464228850311,0,7.14263957428162,24.4611009539852,8.64307383923359,5.65928839511196,4.92861850443476,0,32.6934131547941,0.109476085132125,0.211944740709496,0.102468655577371,0,0.0156395399708907,0.0621288632262167,0.0206693259603381,0.0144092945408079,0.0117988967727644,0,0.0823458259616466
2012,"nhw",43.7737667760753,79.5456500484192,35.771883272344,0.00421543774422741,9.56064287451171,22.542494663546,7.51956931049235,5.4813016839024,4.78058513796044,0,30.6038529661664,0.104578819815083,0.198747466253342,0.0941686464382591,9.31969268892035e-06,0.0204798567655514,0.0560357686852902,0.0176032020504448,0.013633604459951,0.0112734566559563,0,0.0754431365117791
2013,"nhw",45.6949207725123,81.4976985660141,35.8027777935018,0.00823762849797473,13.0158900829542,22.414753029434,6.6946003565876,6.08473904479195,4.70529402888951,0,30.6564591346049,0.105996973494599,0.197216101358528,0.0912191278639288,3.00822544925748e-05,0.0273525120727012,0.0544820314910977,0.0154223340147842,0.0144662276572042,0.010752295200777,0,0.0735752429997112
2014,"nhw",50.7910478711966,84.1837739441289,33.3927260729322,0,16.5467479957198,23.3933824787833,6.14620665775183,10.0079897242583,4.32916880738681,0,34.1982530116047,0.11396585471597,0.196363042468394,0.082397187752424,0,0.0341783534978674,0.0552989033054231,0.0136779704610844,0.0222782511785503,0.00972995746363321,0,0.0791908869050864
2015,"nhw",56.3322262122419,89.140512278596,32.8082860663542,0.002319818052646,19.7893359099537,23.5888727114583,5.77497142909372,16.2410551221592,4.59428453285527,0,39.472763137388,0.121452661767464,0.198911801176583,0.0774591394091193,5.38155579738228e-06,0.0400143743709752,0.0535727061342144,0.0125386742972093,0.0340531367095914,0.00993260107835059,0,0.0868748508846231
2016,"nhw",67.3394471467674,101.754212153842,34.4147650070744,0.00511400394834529,22.495707989192,25.4832936207762,5.57809944862728,29.7689547745541,4.23680263887052,0,52.1217743505724,0.139885266661991,0.217410267153252,0.0775250004912602,8.74705077420193e-06,0.0445439338736309,0.0556559798843876,0.0117578860552788,0.0601332035572984,0.00893086848782853,0,0.109371216173259
2017,"nhw",73.07746643278,107.273377201204,34.1959107684242,0.0134308237950453,21.5701054167417,24.6021275132618,5.01754037581409,42.3272618794881,3.72610190798823,0,61.5773772596545,0.148109487463515,0.222460597172342,0.0743511097088276,2.60750012601552e-05,0.0421321721598445,0.0525551730402469,0.0103245564103169,0.0835270098298017,0.00777354069434814,0,0.125392111351798
2018,"nhw",68.3609299425659,98.4012984999536,30.0403685573877,0.00615234256652419,20.3104399288233,20.6645152250702,4.62391866527084,44.0422971315958,2.75859928756807,0,59.2569151558552,0.135693591554031,0.200204599500433,0.0645110079464014,1.26585227284826e-05,0.0391304304044923,0.0432663292807538,0.00933982204575693,0.0854155702436283,0.00564906061427137,0,0.117938408076533
1999,"other",0.696145892384522,1.95426309581028,1.25811720342576,0,0.127049645751874,0.266002291359225,0.0561525595235681,0.13075859335392,0.238001496976044,0,0.587624287494268,0.00491446965549255,0.0149418023027087,0.0100273326472161,0,0.000782884068008544,0.00192308738761537,0.00039654384483704,0.000993427263023051,0.00162197091533916,0,0.00420816986813333
2000,"other",0.684279218013211,1.76402492792641,1.0797457099132,0,0.148233981315243,0.299819316174443,0.0786702144922309,0.0547311563530439,0.187849079741305,0,0.531278710626097,0.00442022977041891,0.0119219754200836,0.00750174564966465,0,0.00097669207062668,0.00195101798922404,0.000520112919737746,0.000341347510823947,0.00119713731909065,0,0.00342642932756069
2001,"other",0.717628384214646,1.95460071760178,1.23697233338714,0,0.097727177293686,0.34432777040483,0.102685891205736,0.0734103179710886,0.191847128204802,0,0.563945891838304,0.00458368553636165,0.0131541069075234,0.00857042137116172,0,0.0005709371849957,0.00227841302867507,0.000631854530065135,0.000506444531298379,0.00118290279342337,0,0.00365813694685665
2002,"other",1.02825051805811,2.43226861673339,1.40401809867528,0,0.135168019312356,0.475200689923033,0.197441002723931,0.100335330343439,0.260946717012979,0,0.790995739677434,0.00665557353261488,0.016035970370635,0.00938039683802012,0,0.000811879990166846,0.00320030799102588,0.00116822714875917,0.000603863055624517,0.00175353452140495,0,0.00525318234550265
2003,"other",1.02559210211058,2.66315148601133,1.63755938390075,0.00815326571976733,0.151317106613594,0.410243589578224,0.230281086741401,0.102105706915753,0.259338597198139,0,0.729869534701377,0.00598268908857877,0.0160899610892017,0.0101072720006229,6.6475741897133e-05,0.000890920249170357,0.0024442634642492,0.00134129630850844,0.000561335611346947,0.00154379750129729,0,0.00429747447551752
2004,"other",1.24353950578663,3.01681500270738,1.77327549692075,0,0.158385976783644,0.500189538714098,0.326955619857576,0.193460171962546,0.242024694881978,0,0.873358836782202,0.00712209002664512,0.0181351731838541,0.011013083157209,0,0.00087919545025753,0.00291622745170952,0.00178400785377245,0.00118443550475755,0.0013563350282499,0,0.00510092429114739
2005,"other",1.43091356894961,3.15044410586655,1.71953053691694,0,0.159591012846568,0.598336136841178,0.399188704547658,0.2202948006077,0.239415386346959,0,1.01129469539562,0.00801331009770349,0.0182642134420792,0.0102509033443757,0,0.000835214974998129,0.00351797261426845,0.00213322314284499,0.00125800888442948,0.00127253115206684,0,0.00577256955929034
2006,"other",1.42265817396092,3.44110837015724,2.01845019619631,0,0.12909314120946,0.650325258275338,0.446799262317534,0.190631718208776,0.194328437124577,0,0.993211334712214,0.00758508039816856,0.0190768137780604,0.0114917333798918,0,0.000648161720971183,0.00348163270879741,0.00234314818807624,0.00105004738402566,0.00101171195451765,0,0.00534303215174766
2007,"other",1.44342226211577,3.36946878494726,1.92604652283149,0,0.183823099201183,0.629193522493289,0.40789229685827,0.158356224027011,0.238788070617935,0,1.00180919191688,0.00723500327628358,0.0177472453477211,0.0105122420714376,0,0.000902011907780854,0.0031376956678571,0.00204155075715239,0.000840923910597166,0.00123104103728358,0,0.00508797045213016
2008,"other",1.70162353399152,3.41375210884675,1.71212857485523,0,0.177700945140677,0.780987835936346,0.44078761331557,0.283679315559513,0.211777822335552,0,1.20621546961135,0.00828491486093088,0.0169475454399204,0.00866263057898948,0,0.00086250357540082,0.00387770859820831,0.00203279884999211,0.00143024456038447,0.000991961209166329,0,0.00595590613270049
2009,"other",1.95573686295778,3.81625075145889,1.86051388850111,0,0.234293455623097,0.947752865898718,0.473308721224477,0.379966454000478,0.265510105274457,0,1.45497192695682,0.00935124339323478,0.0187148290232012,0.00936358562996645,0,0.00108819291674697,0.00458979275537749,0.00220251840742396,0.0018531767948395,0.00130721478222529,0,0.0070647062696519
2010,"other",1.68025485618132,3.53228919798886,1.85203434180754,0,0.184007598851353,0.953085773024449,0.413171548576297,0.231231194648639,0.152105866303617,0,1.24079017445137,0.00766744833473818,0.0165501835279243,0.00888273519318608,0,0.000815551648648534,0.00438340138780964,0.00181385990795856,0.00108483552585654,0.000688290973487864,0,0.00573681429831035
2011,"other",1.88603384206116,4.04960612758531,2.16357228552416,0,0.345717066761165,0.947165312686347,0.407248478454083,0.259725135501281,0.236989240175938,0,1.32937226371552,0.00821396395610705,0.0182359876480845,0.0100220236919775,0,0.00143883991047388,0.00417943983708567,0.00173245183458062,0.00118613202873572,0.0010345261108223,0,0.00589043219712399
2012,"other",1.9844212227508,3.99826916756558,2.01384794481478,0,0.362086639441802,1.02835577262038,0.384135363551442,0.234776467793025,0.262986646442196,0,1.41491375147682,0.0085303702824782,0.0174238409765715,0.00889347069409329,0,0.00150980402598239,0.00453496880468045,0.00162440405158616,0.000978317552523208,0.00111779510389899,0,0.00614962506292924
2013,"other",1.8940846193328,4.00872522037351,2.1146406010407,0,0.534460832452475,0.951729346792766,0.311105721918531,0.242105604635208,0.170119013234268,0,1.28064658866708,0.00777955777381416,0.0169324735096532,0.00915291573583902,0,0.00214882090986072,0.00394421511294708,0.00129107385615515,0.000989622117068977,0.000699081028191664,0,0.00528217365200292
2014,"other",2.17764793225067,4.36636293039276,2.18871499814209,0,0.680643196230516,1.07212759083825,0.222889134523449,0.372804426720914,0.22234904364678,0,1.54067881413199,0.00876356839078249,0.0179027425027041,0.00913917411192159,0,0.00267420196837518,0.00436665462414774,0.000914809456026696,0.0014900543101253,0.000865696020972846,0,0.00623002241005694
2015,"other",2.25020217030229,4.6500964907655,2.39989432046321,0,0.879268825714245,0.980505962977744,0.244049517777551,0.426331992496889,0.269904586021287,0,1.51847368351637,0.00884176343587233,0.0185510863306645,0.00970932289479215,0,0.00327181167000286,0.00397920259229635,0.000981079900438298,0.00166860676991182,0.00106498102924542,0,0.00609214232677087
2016,"other",2.74234116811445,5.1812235957116,2.43888242759716,0,0.941061172913954,1.04725969901743,0.243027535378535,0.929175260444223,0.219812197268667,0,2.02162436384581,0.0103114821401483,0.0197951884052137,0.00948370626506546,0,0.00349894629551946,0.00402015046977719,0.000907114694540643,0.00340431846238883,0.000834814497407198,0,0.00762731474897218
2017,"other",2.95547184838081,5.64522253603988,2.68975068765907,0,0.98851769462062,1.06051659902384,0.240795152960006,1.37580690135211,0.214826093302288,0,2.33790723978577,0.0108763100411127,0.0211823513765614,0.0103060413354487,0,0.00360548159207083,0.00396562630385479,0.000881014385683065,0.0050038490596886,0.0007982955792158,0,0.00863412681757061
2018,"other",2.86092836924179,5.935119201212,3.0741908319702,0,0.877836495824804,0.835290305132188,0.181080324378178,1.56991009323816,0.178965432529928,0,2.30952778127274,0.0103530824605067,0.0218541467351285,0.0115010642746218,0,0.00313638311157713,0.00309264394491516,0.000667664985035221,0.00563889131847305,0.000637207109775402,0,0.00836863094425311
1999,"total",2.88281760037852,6.02742206675773,3.14460446637921,0.00140016323936625,0.701063788896128,0.985105001459882,0.281538214096537,0.262937008765664,1.03233460377256,0,2.19673096878306,0.00103437629015922,0.00216609941571427,0.00113172312555504,4.90233916524673e-07,0.000251327278472368,0.000353933313965259,0.00010121315017074,9.47993694511464e-05,0.000369730650466657,0,0.000788398214333354
2000,"total",2.97492072535282,6.15969568756394,3.18477496221112,0.000700504674151271,0.650101642283159,1.03353948468275,0.349601488085799,0.278204905954601,1.01632889196068,0,2.22926857825778,0.00105449913955711,0.00218513195293009,0.00113063281337298,2.45365908871764e-07,0.000229944482599775,0.000366621016420373,0.000124016890613885,9.9011211611099e-05,0.000360096118517241,0,0.000790598011216582
2001,"total",3.32305744397674,6.78906527467894,3.46600783070221,0.00174245576280519,0.621625576939832,1.21754003545172,0.509069465972291,0.335559803668476,1.00609537801673,0,2.44070623441064,0.00116469710999389,0.00238170739131218,0.0012170102813183,6.07862287331092e-07,0.000217497099350403,0.000426771955939539,0.000178361247985537,0.000117862998904353,0.000352823121011571,0,0.00085576946848405
2002,"total",4.13968589812363,8.15807492808155,4.01838902995792,0.00102861298511137,0.726541214797641,1.53180599774131,0.818293885836302,0.449407180722324,1.09109826675751,0,2.91569496123335,0.00144089834077381,0.00283913272141048,0.00139823438063667,3.53043590689004e-07,0.000253108060213236,0.000532452443524916,0.000284546053864868,0.00015635625270147,0.000380258744040558,0,0.00101458587190454
2003,"total",4.45561965697897,8.86639307953643,4.41077342255746,0.00138187340048382,0.716792033515437,1.67170602494105,1.02318017074411,0.483097829110961,1.07411691656691,0,3.06520302970402,0.00153953957132076,0.00306250318477236,0.0015229636134516,4.77734334582685e-07,0.000247786096273456,0.000576234628030869,0.000353491246486588,0.000167258040100711,0.000372035786415505,0,0.00105892119566468
2004,"total",4.68551418417904,9.33528658567027,4.64977240149123,0.000357031448692411,0.639670140938492,1.77546588312082,1.31160826846351,0.567372617537674,0.941661824018834,0,3.10139457392873,0.00160478280686465,0.00319787281439931,0.00159309000753466,1.27471455355402e-07,0.000219067775399402,0.000606001262351242,0.000449824594221423,0.00019448749177182,0.000323866149499411,0,0.00106181375226717
2005,"total",5.02329868239042,10.0234686864662,5.00017000407575,0.000317168965473015,0.67773004165615,1.93700175653782,1.50454044114712,0.586894570110658,0.965850505080513,0,3.28797783686472,0.00170471149944624,0.00340077640631169,0.00169606490686545,1.00596152659223e-07,0.000230289611251006,0.00065538218824407,0.000511184799953681,0.000199319272077851,0.00032844400892984,0,0.00111473422988413
2006,"total",5.84073486523817,11.4433684567398,5.60263359150163,0.00031602037369084,0.69637384589062,2.32267104559653,1.80627607985658,0.901705333180596,0.970599172362579,0,3.91168183174846,0.00196597705177694,0.00385083273243323,0.00188485568065629,9.98688765876979e-08,0.000234896957922958,0.000778238167547895,0.000609509661623176,0.000303751081982684,0.000328065751936789,0,0.00131505533689429
2007,"total",6.11371828842139,11.8512278193738,5.73750953095238,0.00108717787349033,0.796466749712308,2.68293023106681,1.82391296832359,0.729493360265598,0.891006405751939,0,4.03240987287206,0.00204622104161786,0.0039576891265556,0.00191146808493773,3.95915007284299e-07,0.000267757467807839,0.000895219213817181,0.000610334622850926,0.000243955133496479,0.000299969705203455,0,0.00134867974232345
2008,"total",6.40671037533831,11.8816059007621,5.47489552542382,0,1.00558789204098,2.97029489056128,1.6136350267768,0.752374297448722,0.956359917553636,0,4.36897289866958,0.00213181374361373,0.00394632146627884,0.00181450772266511,0,0.000337542143258562,0.000984925119584967,0.000537068339502578,0.000249968188428981,0.000318964934387611,0,0.00145129507833296
2009,"total",6.61932221441144,11.9486308279927,5.32930861358123,0.000283348840276639,1.07348981116877,3.14196829979696,1.52576790282166,0.947464224312069,0.8575722576435,0,4.6103138547105,0.00219144558406845,0.00394678007096193,0.00175533448689349,8.02865652861162e-08,0.000357761274923437,0.00103696602819433,0.000505830897075063,0.000312127773609558,0.000284362412730075,0,0.00152287268300088
2010,"total",6.793753058258,12.2688120920003,5.47505903374233,0.000611535837600528,0.992328722276927,3.51546726190158,1.47471184007972,0.962120642359401,0.774215002744729,0,4.89819640179132,0.00224328332340999,0.00403277473077149,0.0017894914073615,1.86988675584168e-07,0.000330961776287412,0.00115902245851518,0.000486429702555414,0.000316267490021944,0.000257379088304951,0,0.00161644549644524
2011,"total",7.30245133637299,13.1570349453659,5.85458360899292,0,1.42226019419833,3.72847821417952,1.42195513752569,0.847700199429199,0.904410776794635,0,5.13040513607615,0.00240706427935116,0.00431615225085527,0.00190908797150411,0,0.000470588799805091,0.00122494948512744,0.000470670442694435,0.000277646978282872,0.000299366435422156,0,0.00168811530694863
2012,"total",7.37589955992068,13.1052643749174,5.72936481499676,0.000572120163732775,1.91621128598237,3.52144849794257,1.25443271017743,0.828583621271361,0.885059915009391,0,4.90150500314376,0.00242240970067723,0.00427828773220342,0.00185587803152619,1.63796958703146e-07,0.000635079205327238,0.00115173963995308,0.000413313364517066,0.000270177920891879,0.000290448789456367,0,0.00160435571509985
2013,"total",7.89454023937723,13.7438135142978,5.84927327492052,0.000942235179516204,2.64837447855521,3.5341070883225,1.13599230593481,0.965930793714191,0.858807699149747,0,4.96404907236955,0.00257519209408918,0.00445779010193808,0.0018825980078489,2.98091703149155e-07,0.000873354554043064,0.00114335052996899,0.000372713019404584,0.000311977376259432,0.000281079125328301,0,0.00160976348254837
2014,"total",9.00426633629054,14.6633518762891,5.65908553999856,0,3.38684495896187,3.75896061911936,1.0653982582669,1.76147940467134,0.796485952784867,0,5.72460853793715,0.002937037836567,0.00475484785830845,0.00181781002174145,0,0.00111777789221816,0.00121283411697222,0.000347391090398676,0.0005793728871322,0.000258029854814598,0,0.00185756134018945
2015,"total",10.3806456595873,16.2924633762369,5.91181771664954,0.000406270576506631,4.14234242552243,3.91910064921035,1.02225898444564,3.0507289696492,0.868859800866462,0,6.94599721428941,0.0033849577103139,0.00528036546750835,0.00189540775719445,1.6505578133503e-07,0.00136403939806241,0.00126332456287265,0.000330901965771707,0.0010056966272649,0.000282966217489506,0,0.00225948907699351
2016,"total",13.2178952039092,19.7248652098431,6.50697000593395,0.000932606670032471,4.89936378337635,4.42805807238179,1.03871183888881,6.17750189855606,0.853824549844361,0,10.0225183020486,0.00430311145345618,0.00638046368560002,0.00207735223214383,2.91206824797864e-07,0.00160624355116839,0.00141917494811918,0.000335724424460297,0.00203626147065581,0.000276850685826164,0,0.00326082001191215
2017,"total",14.8318785060215,21.6933633198897,6.86148481386812,0.00231070375577518,4.86118836128141,4.40559993081847,0.971994179793657,9.00383209537635,0.742960025944199,0,12.3581190029119,0.00481346465542366,0.00700104084393043,0.00218757618850677,6.9986326932353e-07,0.00158452498848599,0.00140607714663301,0.00031116602831935,0.00295347251783786,0.000238754076519623,0,0.00401374170059115
2018,"total",14.5138088937034,20.6575087931105,6.14369989940715,0.00110071326781105,4.68598747570209,3.76803008611304,0.913758746000964,9.86307502496014,0.570534783322902,0,12.5112195150231,0.00469449969939784,0.00663235536815265,0.00193785566875481,3.32568166339134e-07,0.00152293650440841,0.00119187059631233,0.000291173743728317,0.00322355655997552,0.000183056733716135,0,0.00404934850501437
1999,"white",2.95492540181807,6.10301570826333,3.14809030644525,0.0017396288362496,0.727332339583276,1.09036411873465,0.308013657042361,0.293130078064605,0.945770267165705,0,2.23826105798389,0.00128888934774708,0.00265592792075178,0.0013670385730047,7.56975247877462e-07,0.000317747075900401,0.00047511618465223,0.000134647672870534,0.000127571501773427,0.00041265973172234,0,0.000975695252518758
2000,"white",3.08316566923396,6.32785638634804,3.24469071711408,0.000858220820773431,0.658398148802532,1.15230957125676,0.39177416409422,0.315832469725752,0.946823951049827,0,2.30224309576122,0.00133519556742737,0.00273223004096132,0.00139703447353395,3.68544548170823e-07,0.000285680181326972,0.000498138400394228,0.00016986215486961,0.000136177185287977,0.000410650865948883,0,0.000996253283416313
2001,"white",3.53030851871452,7.06119740747408,3.53088888875956,0.00213314247229807,0.647826378480153,1.37062871860118,0.571704403513323,0.382122492193912,0.963467886237299,0,2.5790593636707,0.00151809282199303,0.00302905665137911,0.00151096382938608,9.11493529690575e-07,0.000279525969767848,0.000588238121284998,0.000246039001641487,0.000163572287953598,0.000415254776621865,0,0.00110801324305611
2002,"white",4.4841246585231,8.63000613096265,4.14588147243955,0.00125076891200474,0.753010377146549,1.73090847509175,0.93346140289169,0.515844901199159,1.07564500786742,0,3.14339633694516,0.00192244625235649,0.00368720678522831,0.00176476053287182,5.22671905472219e-07,0.000324738864185726,0.000738918482232967,0.000400896696624934,0.000219702719385726,0.000462645274614712,0,0.00134474656084384
2003,"white",4.9040901211208,9.50390906866704,4.59981894754624,0.000842057856269129,0.761363508609091,1.91608650440153,1.18662193140697,0.564113509315464,1.06284422725472,0,3.35146674537109,0.00209593738724635,0.00404796955220719,0.00195203216496084,3.5516612911084e-07,0.000326855802603282,0.000814536829320688,0.000508964518521271,0.000240530915897981,0.000455721900111704,0,0.0014290077267924
2004,"white",5.23323872221187,10.0773245630241,4.84408584081228,0.000439889070869817,0.691662744101368,2.02474379556076,1.51275304665493,0.658756871113994,0.96545027004622,0,3.44246732427713,0.00222716471052883,0.00427614334491138,0.00204897863438255,1.9350239467071e-07,0.000296429060811255,0.00085567550063412,0.000646787881507628,0.00027910528022389,0.000413222997254159,0,0.00146079847356752
2005,"white",5.6130449186817,10.7804131189876,5.16736820030588,0.00040693916038411,0.71638568377528,2.21130645533867,1.7343933770967,0.672598527373857,1.00694175891476,0,3.65757632289688,0.00237649310334993,0.00455055241476237,0.00217405931141244,1.65599480254125e-07,0.000306016861978033,0.000929481632325432,0.000737583499725396,0.000282968614091869,0.000428115856183277,0,0.00154260262611128
2006,"white",6.53684460520195,12.3436982335051,5.80685362830317,0.000406441614446112,0.751077151829819,2.67674195139396,2.09428968622981,0.958788337256238,1.01008837782441,0,4.33349279029674,0.00275814315746921,0.00519203721889635,0.00243389406142714,1.65194785953562e-07,0.000319696973741977,0.00112002481252952,0.000889211936309376,0.000403634118516214,0.000428691510255175,0,0.00182175453794567
2007,"white",6.98614121430206,13.0489633995014,6.06282218519938,0.00138504595658712,0.869856780354083,3.12471661677151,2.13002034771024,0.858728232396328,0.944897356124806,0,4.60575344410629,0.00294296468214224,0.00547122599043095,0.00252826130828871,6.41420751026095e-07,0.000370480820524291,0.00130819875102999,0.000900648046731683,0.000359586694399604,0.000401420953693117,0,0.00193418184416186
2008,"white",7.37175447130859,13.3008243875625,5.92906991625386,0,1.13900587584765,3.46083677125282,1.89222483204436,0.879786917529123,1.04454631746144,0,5.01951697970387,0.00310041115049949,0.00556714651072682,0.00246673536022733,0,0.000488650842646349,0.0014456384990692,0.000797934952046552,0.000367191017767826,0.000440787824099563,0,0.00210150094959495
2009,"white",7.60419866656317,13.3918668789523,5.78766821238913,0.000331521702237594,1.20314626072628,3.65277615593129,1.77842826887757,1.10103912287569,0.935119824717614,0,5.30217457311064,0.00319212805959607,0.00559391528973818,0.00240178723014211,1.09906639054512e-07,0.000513321321228863,0.00152307848223936,0.00075050523038597,0.000457376391866219,0.000393333429861902,0,0.00221383666785273
2010,"white",7.90977070375214,13.9089012122766,5.99913050852451,0.000400823011032048,1.13079256663639,4.12254630032468,1.73405615175557,1.13463664755994,0.870349533490818,0,5.7129950347407,0.00333058089677789,0.00581438998931946,0.00248380909254157,1.60659086172797e-07,0.000485781075391943,0.00172826561722836,0.000731494591677006,0.00047376525735428,0.000369625473661813,0,0.00239858941453533
2011,"white",8.49279797421838,14.9168947983565,6.42409682413815,0,1.63405059489355,4.39224586839796,1.65752853425738,0.994128085328677,1.00338800738683,0,5.97955058285386,0.00358198405953114,0.00624401566733013,0.00266203160779899,0,0.000698562820723827,0.00183940976785129,0.000703651731081413,0.000414378730412054,0.000426561923051938,0,0.00251022635049756
2012,"white",8.54813045073311,14.856447681657,6.30831723092388,0.000733094887256609,2.21608431517931,4.11511072866227,1.4639298039958,0.978740981130474,0.975789117224259,0,5.68189553792243,0.00360593450709434,0.00621219799552636,0.00260626348843202,2.69831772270107e-07,0.000951442883497438,0.00172024488303025,0.000620013535751273,0.000408507731579765,0.000413387923068467,0,0.00238181878890022
2013,"white",9.14021068152178,15.5617485732563,6.42153789173448,0.00118932064338584,3.03123324430381,4.12310952164659,1.32506930515091,1.12696074363434,0.985306335552662,0,5.77762175196206,0.00384571920948089,0.00648983608318931,0.00264411687370842,4.71736723294832e-07,0.00130219137540922,0.00170928108327736,0.000560712198205135,0.00046770107288051,0.000417872472708764,0,0.00240627316305476
2014,"white",10.4070898463056,16.5895917142357,6.18250186793011,0,3.8956928984819,4.35586964018514,1.24241845061899,2.04098979833351,0.901423983315941,0,6.61363829108343,0.00439292067232834,0.00694348529862661,0.00255056462629828,0,0.00167885199665532,0.00180717320944527,0.000524669796399899,0.000868198894079506,0.000378186290829899,0,0.00276513540476263
2015,"white",12.0396855442311,18.4364631054515,6.39677756122034,0.000527617035119255,4.76019140390819,4.55705766289097,1.19154003821353,3.54439145229653,0.993118940846526,0,8.06624163596907,0.00510426026799736,0.00775233510948712,0.00264807484148976,2.78379735748034e-07,0.00205417923883954,0.00189426694526056,0.000500775043843148,0.00152426204417049,0.000420344053492938,0,0.00340127454377457
2016,"white",15.0758336623186,22.0543031897744,6.97846952745587,0.00123498175839284,5.5181534677087,5.12460996592745,1.19939567831516,6.96916782656445,0.948512749776808,0,11.4118913256774,0.00642269281787825,0.00931307295620683,0.00289038013832858,5.10162732990827e-07,0.00238114702690923,0.00213272827214311,0.000506874811929243,0.00302104116424953,0.000402473605965238,0,0.00485464258658738
2017,"white",16.7553455987481,24.0127841908676,7.25743859211949,0.00298573873462401,5.39990469729211,5.06873109151968,1.10289837423208,10.060401857227,0.827661093078148,0,13.9245675070708,0.00713866351440373,0.0101543805871947,0.00301571707279094,1.1809914661159e-06,0.00232729049145539,0.00210417556801521,0.000463622170330756,0.00435070226574537,0.000349099621598757,0,0.00593389042672812
2018,"white",16.1912456581285,22.5926661060932,6.40142044796476,0.00142270644154234,5.19196615125884,4.31367255792076,1.04086878315627,10.8217744958259,0.63327559025328,0,13.8818124956126,0.00690465649597273,0.00954162826898058,0.00263697177300784,5.63337377360861e-07,0.00223739484316457,0.0017813406337145,0.000437137879469211,0.00468297747131385,0.000268046104913783,0,0.00592405303796492
