age,race,hispanic,year,pop_est
0,american_indian,0,1999,188538
0,american_indian,1,1999,62831
0,asian_pacific,0,1999,774282
0,asian_pacific,1,1999,51945
0,black,0,1999,2919021
0,black,1,1999,176913
0,white,0,1999,11640542
0,white,1,1999,3321472
5,american_indian,0,1999,224248
5,american_indian,1,1999,67781
5,asian_pacific,0,1999,772602
5,asian_pacific,1,1999,47276
5,black,0,1999,3323092
5,black,1,1999,169095
5,white,0,1999,12793052
5,white,1,1999,3209314
10,american_indian,0,1999,225209
10,american_indian,1,1999,59458
10,asian_pacific,0,1999,776758
10,asian_pacific,1,1999,39484
10,black,0,1999,3111128
10,black,1,1999,139857
10,white,0,1999,13089524
10,white,1,1999,2771946
15,american_indian,0,1999,213652
15,american_indian,1,1999,57541
15,asian_pacific,0,1999,829336
15,asian_pacific,1,1999,37476
15,black,0,1999,2966775
15,black,1,1999,132638
15,white,0,1999,13005844
15,white,1,1999,2841340
20,american_indian,0,1999,173179
20,american_indian,1,1999,54216
20,asian_pacific,0,1999,887044
20,asian_pacific,1,1999,37324
20,black,0,1999,2594143
20,black,1,1999,136803
20,white,0,1999,11689266
20,white,1,1999,3019454
25,american_indian,0,1999,167027
25,american_indian,1,1999,51992
25,asian_pacific,0,1999,1051639
25,asian_pacific,1,1999,35921
25,black,0,1999,2585535
25,black,1,1999,132531
25,white,0,1999,12508332
25,white,1,1999,3042080
30,american_indian,0,1999,166135
30,american_indian,1,1999,47701
30,asian_pacific,0,1999,988041
30,asian_pacific,1,1999,32128
30,black,0,1999,2642030
30,black,1,1999,125012
30,white,0,1999,13756381
30,white,1,1999,2845921
35,american_indian,0,1999,186503
35,american_indian,1,1999,45291
35,asian_pacific,0,1999,967367
35,asian_pacific,1,1999,29066
35,black,0,1999,2841540
35,black,1,1999,109925
35,white,0,1999,16160174
35,white,1,1999,2542683
40,american_indian,0,1999,175103
40,american_indian,1,1999,36867
40,asian_pacific,0,1999,895251
40,asian_pacific,1,1999,23377
40,black,0,1999,2669053
40,black,1,1999,90420
40,white,0,1999,16251324
40,white,1,1999,2052733
45,american_indian,0,1999,148767
45,american_indian,1,1999,26764
45,asian_pacific,0,1999,779606
45,asian_pacific,1,1999,17557
45,black,0,1999,2219912
45,black,1,1999,69931
45,white,0,1999,14825109
45,white,1,1999,1566561
50,american_indian,0,1999,119893
50,american_indian,1,1999,18570
50,asian_pacific,0,1999,631357
50,asian_pacific,1,1999,12534
50,black,0,1999,1718458
50,black,1,1999,51005
50,white,0,1999,13170696
50,white,1,1999,1201099
55,american_indian,0,1999,86125
55,american_indian,1,1999,11723
55,asian_pacific,0,1999,441545
55,asian_pacific,1,1999,7916
55,black,0,1999,1277516
55,black,1,1999,34500
55,white,0,1999,10367854
55,white,1,1999,857642
60,american_indian,0,1999,64348
60,american_indian,1,1999,8242
60,asian_pacific,0,1999,350538
60,asian_pacific,1,1999,5875
60,black,0,1999,1045244
60,black,1,1999,27099
60,white,0,1999,8507705
60,white,1,1999,684154
65,american_indian,0,1999,46712
65,american_indian,1,1999,6007
65,asian_pacific,0,1999,283010
65,asian_pacific,1,1999,4339
65,black,0,1999,884430
65,black,1,1999,20471
65,white,0,1999,7748551
65,white,1,1999,547978
70,american_indian,0,1999,34673
70,american_indian,1,1999,4212
70,asian_pacific,0,1999,223950
70,asian_pacific,1,1999,3155
70,black,0,1999,724103
70,black,1,1999,15076
70,white,0,1999,7437246
70,white,1,1999,434996
75,american_indian,0,1999,23835
75,american_indian,1,1999,2630
75,asian_pacific,0,1999,156809
75,asian_pacific,1,1999,1928
75,black,0,1999,550276
75,black,1,1999,9865
75,white,0,1999,6301897
75,white,1,1999,295366
80,american_indian,0,1999,13543
80,american_indian,1,1999,1265
80,asian_pacific,0,1999,86924
80,asian_pacific,1,1999,983
80,black,0,1999,340698
80,black,1,1999,5397
80,white,0,1999,4270892
80,white,1,1999,162606
85,american_indian,0,1999,11186
85,american_indian,1,1999,994
85,asian_pacific,0,1999,61284
85,asian_pacific,1,1999,869
85,black,0,1999,309282
85,black,1,1999,4347
85,white,0,1999,3629729
85,white,1,1999,136327
0,american_indian,0,2000,194968
0,american_indian,1,2000,73759
0,asian_pacific,0,2000,795088
0,asian_pacific,1,2000,54746
0,black,0,2000,2927004
0,black,1,2000,183522
0,white,0,2000,11513561
0,white,1,2000,3435645
5,american_indian,0,2000,219178
5,american_indian,1,2000,72908
5,asian_pacific,0,2000,799712
5,asian_pacific,1,2000,49401
5,black,0,2000,3278309
5,black,1,2000,176039
5,white,0,2000,12528724
5,white,1,2000,3339581
10,american_indian,0,2000,232896
10,american_indian,1,2000,69005
10,asian_pacific,0,2000,800724
10,asian_pacific,1,2000,42009
10,black,0,2000,3211353
10,black,1,2000,150647
10,white,0,2000,13181650
10,white,1,2000,2949412
15,american_indian,0,2000,219686
15,american_indian,1,2000,66367
15,asian_pacific,0,2000,857935
15,asian_pacific,1,2000,39392
15,black,0,2000,2983753
15,black,1,2000,138071
15,white,0,2000,13036838
15,white,1,2000,2952913
20,american_indian,0,2000,180431
20,american_indian,1,2000,63881
20,asian_pacific,0,2000,928837
20,asian_pacific,1,2000,40284
20,black,0,2000,2675191
20,black,1,2000,146549
20,white,0,2000,11891177
20,white,1,2000,3190317
25,american_indian,0,2000,166505
25,american_indian,1,2000,58511
25,asian_pacific,0,2000,1089902
25,asian_pacific,1,2000,36777
25,black,0,2000,2550721
25,black,1,2000,136519
25,white,0,2000,12062824
25,white,1,2000,3178504
30,american_indian,0,2000,168301
30,american_indian,1,2000,55064
30,asian_pacific,0,2000,1050810
30,asian_pacific,1,2000,33376
30,black,0,2000,2624684
30,black,1,2000,127546
30,white,0,2000,13526850
30,white,1,2000,2937603
35,american_indian,0,2000,187721
35,american_indian,1,2000,52452
35,asian_pacific,0,2000,1002245
35,asian_pacific,1,2000,30056
35,black,0,2000,2836592
35,black,1,2000,113551
35,white,0,2000,15773570
35,white,1,2000,2654665
40,american_indian,0,2000,182068
40,american_indian,1,2000,43691
40,asian_pacific,0,2000,932013
40,asian_pacific,1,2000,24566
40,black,0,2000,2730834
40,black,1,2000,94574
40,white,0,2000,16334514
40,white,1,2000,2175731
45,american_indian,0,2000,156501
45,american_indian,1,2000,32971
45,asian_pacific,0,2000,819970
45,asian_pacific,1,2000,18792
45,black,0,2000,2303488
45,black,1,2000,74789
45,white,0,2000,15140133
45,white,1,2000,1672883
50,american_indian,0,2000,129274
50,american_indian,1,2000,23415
50,asian_pacific,0,2000,688020
50,asian_pacific,1,2000,13791
50,black,0,2000,1844194
50,black,1,2000,55907
50,white,0,2000,13731719
50,white,1,2000,1293127
55,american_indian,0,2000,91591
55,american_indian,1,2000,14665
55,asian_pacific,0,2000,475396
55,asian_pacific,1,2000,8721
55,black,0,2000,1321767
55,black,1,2000,36612
55,white,0,2000,10702948
55,white,1,2000,914237
60,american_indian,0,2000,67849
60,american_indian,1,2000,10185
60,asian_pacific,0,2000,373727
60,asian_pacific,1,2000,6406
60,black,0,2000,1072159
60,black,1,2000,28819
60,white,0,2000,8590601
60,white,1,2000,713383
65,american_indian,0,2000,49480
65,american_indian,1,2000,7472
65,asian_pacific,0,2000,296715
65,asian_pacific,1,2000,4749
65,black,0,2000,887599
65,black,1,2000,21588
65,white,0,2000,7685794
65,white,1,2000,570512
70,american_indian,0,2000,36570
70,american_indian,1,2000,5597
70,asian_pacific,0,2000,237908
70,asian_pacific,1,2000,3545
70,black,0,2000,735564
70,black,1,2000,16391
70,white,0,2000,7366773
70,white,1,2000,457680
75,american_indian,0,2000,25670
75,american_indian,1,2000,3673
75,asian_pacific,0,2000,168747
75,asian_pacific,1,2000,2288
75,black,0,2000,556639
75,black,1,2000,10931
75,white,0,2000,6355486
75,white,1,2000,315185
80,american_indian,0,2000,14882
80,american_indian,1,2000,1911
80,asian_pacific,0,2000,95998
80,asian_pacific,1,2000,1311
80,black,0,2000,350330
80,black,1,2000,6411
80,white,0,2000,4339809
80,white,1,2000,173888
85,american_indian,0,2000,12661
85,american_indian,1,2000,1562
85,asian_pacific,0,2000,68252
85,asian_pacific,1,2000,1207
85,black,0,2000,314794
85,black,1,2000,5268
85,white,0,2000,3714349
85,white,1,2000,144379
0,american_indian,0,2001,194538
0,american_indian,1,2001,79661
0,asian_pacific,0,2001,830290
0,asian_pacific,1,2001,58121
0,black,0,2001,2931205
0,black,1,2001,188813
0,white,0,2001,11435173
0,white,1,2001,3580416
5,american_indian,0,2001,211701
5,american_indian,1,2001,77848
5,asian_pacific,0,2001,820284
5,asian_pacific,1,2001,52086
5,black,0,2001,3199998
5,black,1,2001,181777
5,white,0,2001,12244765
5,white,1,2001,3384903
10,american_indian,0,2001,236163
10,american_indian,1,2001,77932
10,asian_pacific,0,2001,826014
10,asian_pacific,1,2001,46067
10,black,0,2001,3307130
10,black,1,2001,163413
10,white,0,2001,13213931
10,white,1,2001,3108028
15,american_indian,0,2001,224736
15,american_indian,1,2001,75733
15,asian_pacific,0,2001,870399
15,asian_pacific,1,2001,41831
15,black,0,2001,3020466
15,black,1,2001,143568
15,white,0,2001,13052562
15,white,1,2001,3026989
20,american_indian,0,2001,186271
20,american_indian,1,2001,72469
20,asian_pacific,0,2001,984917
20,asian_pacific,1,2001,44161
20,black,0,2001,2774645
20,black,1,2001,157188
20,white,0,2001,12244561
20,white,1,2001,3293074
25,american_indian,0,2001,161927
25,american_indian,1,2001,66218
25,asian_pacific,0,2001,1124897
25,asian_pacific,1,2001,40096
25,black,0,2001,2481006
25,black,1,2001,144383
25,white,0,2001,11543224
25,white,1,2001,3257596
30,american_indian,0,2001,167962
30,american_indian,1,2001,62566
30,asian_pacific,0,2001,1110192
30,asian_pacific,1,2001,36743
30,black,0,2001,2629718
30,black,1,2001,135379
30,white,0,2001,13465904
30,white,1,2001,3043711
35,american_indian,0,2001,183904
35,american_indian,1,2001,59063
35,asian_pacific,0,2001,1035924
35,asian_pacific,1,2001,32365
35,black,0,2001,2814560
35,black,1,2001,120486
35,white,0,2001,15238532
35,white,1,2001,2751084
40,american_indian,0,2001,185309
40,american_indian,1,2001,49552
40,asian_pacific,0,2001,959069
40,asian_pacific,1,2001,27117
40,black,0,2001,2779558
40,black,1,2001,100292
40,white,0,2001,16422552
40,white,1,2001,2292385
45,american_indian,0,2001,161623
45,american_indian,1,2001,37719
45,asian_pacific,0,2001,861696
45,asian_pacific,1,2001,20708
45,black,0,2001,2377814
45,black,1,2001,80262
45,white,0,2001,15385454
45,white,1,2001,1773707
50,american_indian,0,2001,137239
50,american_indian,1,2001,27231
50,asian_pacific,0,2001,737066
50,asian_pacific,1,2001,15596
50,black,0,2001,1978899
50,black,1,2001,61028
50,white,0,2001,14348077
50,white,1,2001,1382149
55,american_indian,0,2001,94985
55,american_indian,1,2001,16892
55,asian_pacific,0,2001,508249
55,asian_pacific,1,2001,9784
55,black,0,2001,1365442
55,black,1,2001,39978
55,white,0,2001,10959039
55,white,1,2001,974606
60,american_indian,0,2001,70690
60,american_indian,1,2001,11343
60,asian_pacific,0,2001,396002
60,asian_pacific,1,2001,6987
60,black,0,2001,1094579
60,black,1,2001,30256
60,white,0,2001,8784411
60,white,1,2001,742052
65,american_indian,0,2001,51709
65,american_indian,1,2001,8236
65,asian_pacific,0,2001,312564
65,asian_pacific,1,2001,5146
65,black,0,2001,910668
65,black,1,2001,23113
65,white,0,2001,7659662
65,white,1,2001,591135
70,american_indian,0,2001,37355
70,american_indian,1,2001,6237
70,asian_pacific,0,2001,248773
70,asian_pacific,1,2001,3878
70,black,0,2001,736590
70,black,1,2001,17297
70,white,0,2001,7295812
70,white,1,2001,476004
75,american_indian,0,2001,26414
75,american_indian,1,2001,4077
75,asian_pacific,0,2001,179143
75,asian_pacific,1,2001,2607
75,black,0,2001,567938
75,black,1,2001,11612
75,white,0,2001,6329862
75,white,1,2001,333760
80,american_indian,0,2001,15442
80,american_indian,1,2001,2261
80,asian_pacific,0,2001,103916
80,asian_pacific,1,2001,1428
80,black,0,2001,358602
80,black,1,2001,7023
80,white,0,2001,4460450
80,white,1,2001,189083
85,american_indian,0,2001,12653
85,american_indian,1,2001,1674
85,asian_pacific,0,2001,73783
85,asian_pacific,1,2001,1282
85,black,0,2001,309571
85,black,1,2001,5518
85,white,0,2001,3758700
85,white,1,2001,149313
0,american_indian,0,2002,194939
0,american_indian,1,2002,85908
0,asian_pacific,0,2002,863474
0,asian_pacific,1,2002,61304
0,black,0,2002,2933231
0,black,1,2002,191058
0,white,0,2002,11360597
0,white,1,2002,3738681
5,american_indian,0,2002,204298
5,american_indian,1,2002,82840
5,asian_pacific,0,2002,837314
5,asian_pacific,1,2002,54903
5,black,0,2002,3121802
5,black,1,2002,187820
5,white,0,2002,11971095
5,white,1,2002,3412345
10,american_indian,0,2002,238804
10,american_indian,1,2002,86741
10,asian_pacific,0,2002,853904
10,asian_pacific,1,2002,50104
10,black,0,2002,3386639
10,black,1,2002,175973
10,white,0,2002,13200801
10,white,1,2002,3268455
15,american_indian,0,2002,228154
15,american_indian,1,2002,85151
15,asian_pacific,0,2002,882760
15,asian_pacific,1,2002,44839
15,black,0,2002,3062650
15,black,1,2002,151259
15,white,0,2002,13062962
15,white,1,2002,3092595
20,american_indian,0,2002,191244
20,american_indian,1,2002,81040
20,asian_pacific,0,2002,1035077
20,asian_pacific,1,2002,47721
20,black,0,2002,2849746
20,black,1,2002,165884
20,white,0,2002,12479684
20,white,1,2002,3393369
25,american_indian,0,2002,160344
25,american_indian,1,2002,74916
25,asian_pacific,0,2002,1150623
25,asian_pacific,1,2002,43835
25,black,0,2002,2455159
25,black,1,2002,153692
25,white,0,2002,11316365
25,white,1,2002,3336406
30,american_indian,0,2002,167400
30,american_indian,1,2002,70232
30,asian_pacific,0,2002,1177878
30,asian_pacific,1,2002,40170
30,black,0,2002,2637231
30,black,1,2002,143712
30,white,0,2002,13265133
30,white,1,2002,3156550
35,american_indian,0,2002,178733
35,american_indian,1,2002,65685
35,asian_pacific,0,2002,1062790
35,asian_pacific,1,2002,34582
35,black,0,2002,2766518
35,black,1,2002,126405
35,white,0,2002,14690588
35,white,1,2002,2825917
40,american_indian,0,2002,186850
40,american_indian,1,2002,55412
40,asian_pacific,0,2002,987986
40,asian_pacific,1,2002,29748
40,black,0,2002,2801961
40,black,1,2002,105920
40,white,0,2002,16313042
40,white,1,2002,2408512
45,american_indian,0,2002,167415
45,american_indian,1,2002,42898
45,asian_pacific,0,2002,900666
45,asian_pacific,1,2002,22760
45,black,0,2002,2474715
45,black,1,2002,86460
45,white,0,2002,15670709
45,white,1,2002,1886665
50,american_indian,0,2002,139871
50,american_indian,1,2002,30810
50,asian_pacific,0,2002,774124
50,asian_pacific,1,2002,17113
50,black,0,2002,2051669
50,black,1,2002,65550
50,white,0,2002,14209843
50,white,1,2002,1450926
55,american_indian,0,2002,103335
55,american_indian,1,2002,19923
55,asian_pacific,0,2002,554704
55,asian_pacific,1,2002,11157
55,black,0,2002,1461994
55,black,1,2002,44397
55,white,0,2002,11891650
55,white,1,2002,1055907
60,american_indian,0,2002,74042
60,american_indian,1,2002,12600
60,asian_pacific,0,2002,420547
60,asian_pacific,1,2002,7604
60,black,0,2002,1127277
60,black,1,2002,31737
60,white,0,2002,9111328
60,white,1,2002,775130
65,american_indian,0,2002,53505
65,american_indian,1,2002,9263
65,asian_pacific,0,2002,330244
65,asian_pacific,1,2002,5622
65,black,0,2002,926882
65,black,1,2002,24737
65,white,0,2002,7674814
65,white,1,2002,613414
70,american_indian,0,2002,38515
70,american_indian,1,2002,6808
70,asian_pacific,0,2002,259079
70,asian_pacific,1,2002,4189
70,black,0,2002,741529
70,black,1,2002,18171
70,white,0,2002,7189146
70,white,1,2002,492617
75,american_indian,0,2002,26996
75,american_indian,1,2002,4524
75,asian_pacific,0,2002,188633
75,asian_pacific,1,2002,2791
75,black,0,2002,575248
75,black,1,2002,12386
75,white,0,2002,6309588
75,white,1,2002,350295
80,american_indian,0,2002,16234
80,american_indian,1,2002,2584
80,asian_pacific,0,2002,112927
80,asian_pacific,1,2002,1587
80,black,0,2002,368753
80,black,1,2002,7603
80,white,0,2002,4578190
80,white,1,2002,206525
85,american_indian,0,2002,12624
85,american_indian,1,2002,1833
85,asian_pacific,0,2002,79654
85,asian_pacific,1,2002,1350
85,black,0,2002,306900
85,black,1,2002,5756
85,white,0,2002,3806447
85,white,1,2002,154244
0,american_indian,0,2003,195633
0,american_indian,1,2003,93912
0,asian_pacific,0,2003,903000
0,asian_pacific,1,2003,65535
0,black,0,2003,2926764
0,black,1,2003,195798
0,white,0,2003,11313114
0,white,1,2003,3898690
5,american_indian,0,2003,199376
5,american_indian,1,2003,88390
5,asian_pacific,0,2003,851406
5,asian_pacific,1,2003,57903
5,black,0,2003,3049985
5,black,1,2003,194039
5,white,0,2003,11742596
5,white,1,2003,3437156
10,american_indian,0,2003,237934
10,american_indian,1,2003,95753
10,asian_pacific,0,2003,875799
10,asian_pacific,1,2003,54014
10,black,0,2003,3441025
10,black,1,2003,188267
10,white,0,2003,13110017
10,white,1,2003,3412544
15,american_indian,0,2003,230284
15,american_indian,1,2003,94715
15,asian_pacific,0,2003,902588
15,asian_pacific,1,2003,48217
15,black,0,2003,3121054
15,black,1,2003,160711
15,white,0,2003,13071688
15,white,1,2003,3167909
20,american_indian,0,2003,197400
20,american_indian,1,2003,90204
20,asian_pacific,0,2003,1072603
20,asian_pacific,1,2003,51009
20,black,0,2003,2901262
20,black,1,2003,171956
20,white,0,2003,12636203
20,white,1,2003,3471051
25,american_indian,0,2003,159733
25,american_indian,1,2003,83556
25,asian_pacific,0,2003,1171159
25,asian_pacific,1,2003,47687
25,black,0,2003,2451808
25,black,1,2003,163686
25,white,0,2003,11289238
25,white,1,2003,3404718
30,american_indian,0,2003,166201
30,american_indian,1,2003,78384
30,asian_pacific,0,2003,1226832
30,asian_pacific,1,2003,43401
30,black,0,2003,2621946
30,black,1,2003,150859
30,white,0,2003,12937899
30,white,1,2003,3246688
35,american_indian,0,2003,173294
35,american_indian,1,2003,72590
35,asian_pacific,0,2003,1089505
35,asian_pacific,1,2003,37015
35,black,0,2003,2713952
35,black,1,2003,131746
35,white,0,2003,14140756
35,white,1,2003,2905301
40,american_indian,0,2003,187511
40,american_indian,1,2003,61598
40,asian_pacific,0,2003,1024382
40,asian_pacific,1,2003,32399
40,black,0,2003,2820381
40,black,1,2003,112508
40,white,0,2003,16129300
40,white,1,2003,2521968
45,american_indian,0,2003,172528
45,american_indian,1,2003,48406
45,asian_pacific,0,2003,938403
45,asian_pacific,1,2003,24996
45,black,0,2003,2560149
45,black,1,2003,92203
45,white,0,2003,15893599
45,white,1,2003,1992392
50,american_indian,0,2003,144020
50,american_indian,1,2003,35100
50,asian_pacific,0,2003,809769
50,asian_pacific,1,2003,18796
50,black,0,2003,2124120
50,black,1,2003,70609
50,white,0,2003,14366933
50,white,1,2003,1527931
55,american_indian,0,2003,109712
55,american_indian,1,2003,22918
55,asian_pacific,0,2003,607329
55,asian_pacific,1,2003,12599
55,black,0,2003,1553388
55,black,1,2003,48329
55,white,0,2003,12327189
55,white,1,2003,1133093
60,american_indian,0,2003,78092
60,american_indian,1,2003,14239
60,asian_pacific,0,2003,444252
60,asian_pacific,1,2003,8270
60,black,0,2003,1172221
60,black,1,2003,33814
60,white,0,2003,9628159
60,white,1,2003,815341
65,american_indian,0,2003,55782
65,american_indian,1,2003,10325
65,asian_pacific,0,2003,347977
65,asian_pacific,1,2003,6160
65,black,0,2003,945832
65,black,1,2003,26354
65,white,0,2003,7796799
65,white,1,2003,641567
70,american_indian,0,2003,39676
70,american_indian,1,2003,7445
70,asian_pacific,0,2003,270885
70,asian_pacific,1,2003,4499
70,black,0,2003,751709
70,black,1,2003,19172
70,white,0,2003,7071333
70,white,1,2003,505400
75,american_indian,0,2003,27641
75,american_indian,1,2003,5064
75,asian_pacific,0,2003,198435
75,asian_pacific,1,2003,3062
75,black,0,2003,580927
75,black,1,2003,13243
75,white,0,2003,6300350
75,white,1,2003,369120
80,american_indian,0,2003,16813
80,american_indian,1,2003,2934
80,asian_pacific,0,2003,122411
80,asian_pacific,1,2003,1776
80,black,0,2003,378414
80,black,1,2003,8119
80,white,0,2003,4645421
80,white,1,2003,222708
85,american_indian,0,2003,12846
85,american_indian,1,2003,2002
85,asian_pacific,0,2003,85602
85,asian_pacific,1,2003,1434
85,black,0,2003,307268
85,black,1,2003,6123
85,white,0,2003,3888892
85,white,1,2003,162009
0,american_indian,0,2004,196893
0,american_indian,1,2004,102368
0,asian_pacific,0,2004,942940
0,asian_pacific,1,2004,71259
0,black,0,2004,2931146
0,black,1,2004,207660
0,white,0,2004,11275581
0,white,1,2004,4058038
5,american_indian,0,2004,196261
5,american_indian,1,2004,95320
5,asian_pacific,0,2004,863780
5,asian_pacific,1,2004,61426
5,black,0,2004,2993957
5,black,1,2004,200659
5,white,0,2004,11575562
5,white,1,2004,3467272
10,american_indian,0,2004,235116
10,american_indian,1,2004,104424
10,asian_pacific,0,2004,893710
10,asian_pacific,1,2004,57995
10,black,0,2004,3447218
10,black,1,2004,199975
10,white,0,2004,12929786
10,white,1,2004,3543456
15,american_indian,0,2004,233412
15,american_indian,1,2004,104368
15,asian_pacific,0,2004,927506
15,asian_pacific,1,2004,52239
15,black,0,2004,3209734
15,black,1,2004,172258
15,white,0,2004,13135560
15,white,1,2004,3267475
20,american_indian,0,2004,202401
20,american_indian,1,2004,99380
20,asian_pacific,0,2004,1098960
20,asian_pacific,1,2004,54421
20,black,0,2004,2939417
20,black,1,2004,178507
20,white,0,2004,12746813
20,white,1,2004,3525661
25,american_indian,0,2004,161679
25,american_indian,1,2004,92941
25,asian_pacific,0,2004,1200600
25,asian_pacific,1,2004,52210
25,black,0,2004,2508840
25,black,1,2004,175696
25,white,0,2004,11438457
25,white,1,2004,3476632
30,american_indian,0,2004,164200
30,american_indian,1,2004,86652
30,asian_pacific,0,2004,1262202
30,asian_pacific,1,2004,46654
30,black,0,2004,2598750
30,black,1,2004,158266
30,white,0,2004,12515728
30,white,1,2004,3327049
35,american_indian,0,2004,168264
35,american_indian,1,2004,79648
35,asian_pacific,0,2004,1124476
35,asian_pacific,1,2004,39560
35,black,0,2004,2656697
35,black,1,2004,136973
35,white,0,2004,13697471
35,white,1,2004,2971560
40,american_indian,0,2004,188659
40,american_indian,1,2004,68643
40,asian_pacific,0,2004,1064178
40,asian_pacific,1,2004,35058
40,black,0,2004,2842159
40,black,1,2004,119580
40,white,0,2004,15964292
40,white,1,2004,2643057
45,american_indian,0,2004,176359
45,american_indian,1,2004,54245
45,asian_pacific,0,2004,970114
45,asian_pacific,1,2004,27382
45,black,0,2004,2630251
45,black,1,2004,97780
45,white,0,2004,16009903
45,white,1,2004,2099228
50,american_indian,0,2004,149070
50,american_indian,1,2004,39825
50,asian_pacific,0,2004,843107
50,asian_pacific,1,2004,20709
50,black,0,2004,2202479
50,black,1,2004,76180
50,white,0,2004,14619487
50,white,1,2004,1613811
55,american_indian,0,2004,116524
55,american_indian,1,2004,26284
55,asian_pacific,0,2004,661870
55,asian_pacific,1,2004,14167
55,black,0,2004,1665057
55,black,1,2004,53007
55,white,0,2004,12858067
55,white,1,2004,1212200
60,american_indian,0,2004,81726
60,american_indian,1,2004,16130
60,asian_pacific,0,2004,472289
60,asian_pacific,1,2004,9048
60,black,0,2004,1216886
60,black,1,2004,35821
60,white,0,2004,10006611
60,white,1,2004,859617
65,american_indian,0,2004,58423
65,american_indian,1,2004,11412
65,asian_pacific,0,2004,367142
65,asian_pacific,1,2004,6674
65,black,0,2004,964520
65,black,1,2004,27965
65,white,0,2004,7967166
65,white,1,2004,670127
70,american_indian,0,2004,40840
70,american_indian,1,2004,8079
70,asian_pacific,0,2004,282260
70,asian_pacific,1,2004,4854
70,black,0,2004,760685
70,black,1,2004,20127
70,white,0,2004,6958778
70,white,1,2004,518481
75,american_indian,0,2004,28114
75,american_indian,1,2004,5671
75,asian_pacific,0,2004,207594
75,asian_pacific,1,2004,3350
75,black,0,2004,583842
75,black,1,2004,14116
75,white,0,2004,6232092
75,white,1,2004,386620
80,american_indian,0,2004,17525
80,american_indian,1,2004,3301
80,asian_pacific,0,2004,131632
80,asian_pacific,1,2004,1954
80,black,0,2004,386538
80,black,1,2004,8719
80,white,0,2004,4738485
80,white,1,2004,240350
85,american_indian,0,2004,13033
85,american_indian,1,2004,2262
85,asian_pacific,0,2004,92170
85,asian_pacific,1,2004,1524
85,black,0,2004,310815
85,black,1,2004,6518
85,white,0,2004,3950064
85,white,1,2004,169497
0,american_indian,0,2005,199074
0,american_indian,1,2005,111794
0,asian_pacific,0,2005,976995
0,asian_pacific,1,2005,77858
0,black,0,2005,2934127
0,black,1,2005,232489
0,white,0,2005,11200452
0,white,1,2005,4184611
5,american_indian,0,2005,195393
5,american_indian,1,2005,104086
5,asian_pacific,0,2005,883580
5,asian_pacific,1,2005,65417
5,black,0,2005,2962978
5,black,1,2005,209215
5,white,0,2005,11431258
5,white,1,2005,3537140
10,american_indian,0,2005,228613
10,american_indian,1,2005,113294
10,asian_pacific,0,2005,911680
10,asian_pacific,1,2005,61818
10,black,0,2005,3396447
10,black,1,2005,209058
10,white,0,2005,12655288
10,white,1,2005,3636381
15,american_indian,0,2005,237206
15,american_indian,1,2005,114161
15,asian_pacific,0,2005,957101
15,asian_pacific,1,2005,57143
15,black,0,2005,3323115
15,black,1,2005,187486
15,white,0,2005,13202656
15,white,1,2005,3407346
20,american_indian,0,2005,205379
20,american_indian,1,2005,108657
20,asian_pacific,0,2005,1117026
20,asian_pacific,1,2005,57751
20,black,0,2005,2950378
20,black,1,2005,184545
20,white,0,2005,12776878
20,white,1,2005,3559341
25,american_indian,0,2005,165528
25,american_indian,1,2005,102731
25,asian_pacific,0,2005,1234545
25,asian_pacific,1,2005,57049
25,black,0,2005,2582461
25,black,1,2005,187803
25,white,0,2005,11642095
25,white,1,2005,3562498
30,american_indian,0,2005,161295
30,american_indian,1,2005,95091
30,asian_pacific,0,2005,1288161
30,asian_pacific,1,2005,49747
30,black,0,2005,2547273
30,black,1,2005,164566
30,white,0,2005,12026446
30,white,1,2005,3391358
35,american_indian,0,2005,165888
35,american_indian,1,2005,87181
35,asian_pacific,0,2005,1176317
35,asian_pacific,1,2005,42709
35,black,0,2005,2635832
35,black,1,2005,144187
35,white,0,2005,13477987
35,white,1,2005,3068552
40,american_indian,0,2005,186477
40,american_indian,1,2005,75929
40,asian_pacific,0,2005,1091300
40,asian_pacific,1,2005,37795
40,black,0,2005,2835223
40,black,1,2005,125296
40,white,0,2005,15616661
40,white,1,2005,2738204
45,american_indian,0,2005,180803
45,american_indian,1,2005,60754
45,asian_pacific,0,2005,1006082
45,asian_pacific,1,2005,29991
45,black,0,2005,2703984
45,black,1,2005,104318
45,white,0,2005,16107624
45,white,1,2005,2223615
50,american_indian,0,2005,153923
50,american_indian,1,2005,45045
50,asian_pacific,0,2005,875318
50,asian_pacific,1,2005,22698
50,black,0,2005,2277838
50,black,1,2005,81907
50,white,0,2005,14916976
50,white,1,2005,1705028
55,american_indian,0,2005,123986
55,american_indian,1,2005,30191
55,asian_pacific,0,2005,725233
55,asian_pacific,1,2005,16005
55,black,0,2005,1797089
55,black,1,2005,58788
55,white,0,2005,13445777
55,white,1,2005,1306151
60,american_indian,0,2005,85047
60,american_indian,1,2005,18379
60,asian_pacific,0,2005,500626
60,asian_pacific,1,2005,10014
60,black,0,2005,1255526
60,black,1,2005,38088
60,white,0,2005,10322640
60,white,1,2005,907957
65,american_indian,0,2005,61043
65,american_indian,1,2005,12612
65,asian_pacific,0,2005,389753
65,asian_pacific,1,2005,7372
65,black,0,2005,988783
65,black,1,2005,29654
65,white,0,2005,8092550
65,white,1,2005,696860
70,american_indian,0,2005,42491
70,american_indian,1,2005,8888
70,asian_pacific,0,2005,294770
70,asian_pacific,1,2005,5238
70,black,0,2005,773574
70,black,1,2005,21212
70,white,0,2005,6920367
70,white,1,2005,536530
75,american_indian,0,2005,29090
75,american_indian,1,2005,6292
75,asian_pacific,0,2005,218835
75,asian_pacific,1,2005,3660
75,black,0,2005,591183
75,black,1,2005,15046
75,white,0,2005,6192353
75,white,1,2005,407150
80,american_indian,0,2005,18159
80,american_indian,1,2005,3719
80,asian_pacific,0,2005,139910
80,asian_pacific,1,2005,2172
80,black,0,2005,393050
80,black,1,2005,9231
80,white,0,2005,4789281
80,white,1,2005,255671
85,american_indian,0,2005,13575
85,american_indian,1,2005,2582
85,asian_pacific,0,2005,101063
85,asian_pacific,1,2005,1685
85,black,0,2005,321875
85,black,1,2005,7106
85,white,0,2005,4063695
85,white,1,2005,181718
0,american_indian,0,2006,200623
0,american_indian,1,2006,122539
0,asian_pacific,0,2006,992352
0,asian_pacific,1,2006,84611
0,black,0,2006,2929913
0,black,1,2006,259195
0,white,0,2006,11077105
0,white,1,2006,4272545
5,american_indian,0,2006,196427
5,american_indian,1,2006,114483
5,asian_pacific,0,2006,918499
5,asian_pacific,1,2006,69488
5,black,0,2006,2977463
5,black,1,2006,219801
5,white,0,2006,11375416
5,white,1,2006,3673111
10,american_indian,0,2006,222833
10,american_indian,1,2006,122745
10,asian_pacific,0,2006,936136
10,asian_pacific,1,2006,65606
10,black,0,2006,3332448
10,black,1,2006,217622
10,white,0,2006,12412030
10,white,1,2006,3723718
15,american_indian,0,2006,239816
15,american_indian,1,2006,124208
15,asian_pacific,0,2006,986527
15,asian_pacific,1,2006,62547
15,black,0,2006,3419546
15,black,1,2006,202904
15,white,0,2006,13216086
15,white,1,2006,3556075
20,american_indian,0,2006,207207
20,american_indian,1,2006,118142
20,asian_pacific,0,2006,1132895
20,asian_pacific,1,2006,61326
20,black,0,2006,2968053
20,black,1,2006,192295
20,white,0,2006,12756737
20,white,1,2006,3599480
25,american_indian,0,2006,170177
25,american_indian,1,2006,113641
25,asian_pacific,0,2006,1279272
25,asian_pacific,1,2006,61761
25,black,0,2006,2667163
25,black,1,2006,200315
25,white,0,2006,11969778
25,white,1,2006,3647904
30,american_indian,0,2006,158397
30,american_indian,1,2006,104408
30,asian_pacific,0,2006,1308169
30,asian_pacific,1,2006,53346
30,black,0,2006,2492161
30,black,1,2006,171705
30,white,0,2006,11538341
30,white,1,2006,3458641
35,american_indian,0,2006,166269
35,american_indian,1,2006,95281
35,asian_pacific,0,2006,1232617
35,asian_pacific,1,2006,46381
35,black,0,2006,2649973
35,black,1,2006,151190
35,white,0,2006,13426357
35,white,1,2006,3173165
40,american_indian,0,2006,183297
40,american_indian,1,2006,83433
40,asian_pacific,0,2006,1123396
40,asian_pacific,1,2006,40442
40,black,0,2006,2818934
40,black,1,2006,132455
40,white,0,2006,15086679
40,white,1,2006,2833932
45,american_indian,0,2006,184135
45,american_indian,1,2006,67382
45,asian_pacific,0,2006,1033719
45,asian_pacific,1,2006,32805
45,black,0,2006,2754888
45,black,1,2006,110549
45,white,0,2006,16195698
45,white,1,2006,2336110
50,american_indian,0,2006,158982
50,american_indian,1,2006,50765
50,asian_pacific,0,2006,918160
50,asian_pacific,1,2006,24833
50,black,0,2006,2357414
50,black,1,2006,87725
50,white,0,2006,15169492
50,white,1,2006,1803502
55,american_indian,0,2006,131244
55,american_indian,1,2006,34331
55,asian_pacific,0,2006,774807
55,asian_pacific,1,2006,17810
55,black,0,2006,1927399
55,black,1,2006,63535
55,white,0,2006,14055337
55,white,1,2006,1392397
60,american_indian,0,2006,88068
60,american_indian,1,2006,20984
60,asian_pacific,0,2006,532781
60,asian_pacific,1,2006,11114
60,black,0,2006,1297182
60,black,1,2006,41369
60,white,0,2006,10576553
60,white,1,2006,965202
65,american_indian,0,2006,63503
65,american_indian,1,2006,13947
65,asian_pacific,0,2006,411351
65,asian_pacific,1,2006,7987
65,black,0,2006,1011322
65,black,1,2006,31085
65,white,0,2006,8289152
65,white,1,2006,724854
70,american_indian,0,2006,44262
70,american_indian,1,2006,9715
70,asian_pacific,0,2006,309644
70,asian_pacific,1,2006,5632
70,black,0,2006,792442
70,black,1,2006,22584
70,white,0,2006,6909652
70,white,1,2006,555895
75,american_indian,0,2006,29675
75,american_indian,1,2006,6944
75,asian_pacific,0,2006,228403
75,asian_pacific,1,2006,3937
75,black,0,2006,590630
75,black,1,2006,15830
75,white,0,2006,6148041
75,white,1,2006,423574
80,american_indian,0,2006,18713
80,american_indian,1,2006,4076
80,asian_pacific,0,2006,148203
80,asian_pacific,1,2006,2440
80,black,0,2006,401994
80,black,1,2006,9791
80,white,0,2006,4792233
80,white,1,2006,270667
85,american_indian,0,2006,14092
85,american_indian,1,2006,2939
85,asian_pacific,0,2006,109065
85,asian_pacific,1,2006,1789
85,black,0,2006,330570
85,black,1,2006,7662
85,white,0,2006,4205709
85,white,1,2006,194103
0,american_indian,0,2007,203681
0,american_indian,1,2007,137507
0,asian_pacific,0,2007,1016944
0,asian_pacific,1,2007,92531
0,black,0,2007,2971153
0,black,1,2007,288210
0,white,0,2007,11035409
0,white,1,2007,4380527
5,american_indian,0,2007,198481
5,american_indian,1,2007,126097
5,asian_pacific,0,2007,952278
5,asian_pacific,1,2007,73460
5,black,0,2007,2989012
5,black,1,2007,228186
5,white,0,2007,11323999
5,white,1,2007,3823098
10,american_indian,0,2007,217066
10,american_indian,1,2007,132027
10,asian_pacific,0,2007,957439
10,asian_pacific,1,2007,69726
10,black,0,2007,3267405
10,black,1,2007,226311
10,white,0,2007,12178125
10,white,1,2007,3792943
15,american_indian,0,2007,241490
15,american_indian,1,2007,133773
15,asian_pacific,0,2007,1019288
15,asian_pacific,1,2007,68242
15,black,0,2007,3498479
15,black,1,2007,218194
15,white,0,2007,13182621
15,white,1,2007,3705729
20,american_indian,0,2007,207238
20,american_indian,1,2007,128296
20,asian_pacific,0,2007,1147864
20,asian_pacific,1,2007,65533
20,black,0,2007,2984522
20,black,1,2007,202332
20,white,0,2007,12712002
20,white,1,2007,3630212
25,american_indian,0,2007,174109
25,american_indian,1,2007,124573
25,asian_pacific,0,2007,1315925
25,asian_pacific,1,2007,66179
25,black,0,2007,2729709
25,black,1,2007,210278
25,white,0,2007,12192876
25,white,1,2007,3729049
30,american_indian,0,2007,158599
30,american_indian,1,2007,114370
30,asian_pacific,0,2007,1317106
30,asian_pacific,1,2007,57455
30,black,0,2007,2479253
30,black,1,2007,180418
30,white,0,2007,11340965
30,white,1,2007,3522599
35,american_indian,0,2007,166553
35,american_indian,1,2007,103675
35,asian_pacific,0,2007,1296669
35,asian_pacific,1,2007,50047
35,black,0,2007,2667370
35,black,1,2007,158170
35,white,0,2007,13240456
35,white,1,2007,3280951
40,american_indian,0,2007,178769
40,american_indian,1,2007,90891
40,asian_pacific,0,2007,1148094
40,asian_pacific,1,2007,42983
40,black,0,2007,2776920
40,black,1,2007,138376
40,white,0,2007,14549932
40,white,1,2007,2906374
45,american_indian,0,2007,185818
45,american_indian,1,2007,74543
45,asian_pacific,0,2007,1062998
45,asian_pacific,1,2007,35801
45,black,0,2007,2781060
45,black,1,2007,116698
45,white,0,2007,16095666
45,white,1,2007,2447177
50,american_indian,0,2007,164688
50,american_indian,1,2007,57130
50,asian_pacific,0,2007,958044
50,asian_pacific,1,2007,27136
50,black,0,2007,2459788
50,black,1,2007,94149
50,white,0,2007,15465471
50,white,1,2007,1913772
55,american_indian,0,2007,133356
55,american_indian,1,2007,38246
55,asian_pacific,0,2007,811723
55,asian_pacific,1,2007,19390
55,black,0,2007,1997806
55,black,1,2007,67565
55,white,0,2007,13928933
55,white,1,2007,1457753
60,american_indian,0,2007,95761
60,american_indian,1,2007,24529
60,asian_pacific,0,2007,578510
60,asian_pacific,1,2007,12581
60,black,0,2007,1388855
60,black,1,2007,45692
60,white,0,2007,11485358
60,white,1,2007,1042376
65,american_indian,0,2007,66569
65,american_indian,1,2007,15429
65,asian_pacific,0,2007,435008
65,asian_pacific,1,2007,8643
65,black,0,2007,1043127
65,black,1,2007,32582
65,white,0,2007,8611583
65,white,1,2007,757294
70,american_indian,0,2007,45777
70,american_indian,1,2007,10835
70,asian_pacific,0,2007,325818
70,asian_pacific,1,2007,6130
70,black,0,2007,805200
70,black,1,2007,24009
70,white,0,2007,6933802
70,white,1,2007,576921
75,american_indian,0,2007,30657
75,american_indian,1,2007,7552
75,asian_pacific,0,2007,237257
75,asian_pacific,1,2007,4267
75,black,0,2007,593682
75,black,1,2007,16595
75,white,0,2007,6071628
75,white,1,2007,438725
80,american_indian,0,2007,19241
80,american_indian,1,2007,4597
80,asian_pacific,0,2007,155732
80,asian_pacific,1,2007,2584
80,black,0,2007,408769
80,black,1,2007,10431
80,white,0,2007,4801238
80,white,1,2007,284484
85,american_indian,0,2007,14680
85,american_indian,1,2007,3295
85,asian_pacific,0,2007,118004
85,asian_pacific,1,2007,1984
85,black,0,2007,342589
85,black,1,2007,8213
85,white,0,2007,4342357
85,white,1,2007,208423
0,american_indian,0,2008,207089
0,american_indian,1,2008,154531
0,asian_pacific,0,2008,1040426
0,asian_pacific,1,2008,99131
0,black,0,2008,3023617
0,black,1,2008,312171
0,white,0,2008,10967921
0,white,1,2008,4466241
5,american_indian,0,2008,200938
5,american_indian,1,2008,140882
5,asian_pacific,0,2008,994769
5,asian_pacific,1,2008,78811
5,black,0,2008,2992104
5,black,1,2008,238832
5,white,0,2008,11301597
5,white,1,2008,3981669
10,american_indian,0,2008,214029
10,american_indian,1,2008,141541
10,asian_pacific,0,2008,977581
10,asian_pacific,1,2008,74241
10,black,0,2008,3208786
10,black,1,2008,235441
10,white,0,2008,11990830
10,white,1,2008,3864206
15,american_indian,0,2008,239817
15,american_indian,1,2008,144295
15,asian_pacific,0,2008,1047315
15,asian_pacific,1,2008,73923
15,black,0,2008,3552071
15,black,1,2008,233570
15,white,0,2008,13076705
15,white,1,2008,3843184
20,american_indian,0,2008,206157
20,american_indian,1,2008,138669
20,asian_pacific,0,2008,1174050
20,asian_pacific,1,2008,70700
20,black,0,2008,3017848
20,black,1,2008,215584
20,white,0,2008,12674291
20,white,1,2008,3683313
25,american_indian,0,2008,179789
25,american_indian,1,2008,135952
25,asian_pacific,0,2008,1343249
25,asian_pacific,1,2008,70525
25,black,0,2008,2781337
25,black,1,2008,218596
25,white,0,2008,12377523
25,white,1,2008,3795697
30,american_indian,0,2008,160010
30,american_indian,1,2008,124438
30,asian_pacific,0,2008,1324126
30,asian_pacific,1,2008,61956
30,black,0,2008,2495935
30,black,1,2008,190337
30,white,0,2008,11362841
30,white,1,2008,3585162
35,american_indian,0,2008,166433
35,american_indian,1,2008,112819
35,asian_pacific,0,2008,1344305
35,asian_pacific,1,2008,53656
35,black,0,2008,2665824
35,black,1,2008,164554
35,white,0,2008,12937221
35,white,1,2008,3372651
40,american_indian,0,2008,174200
40,american_indian,1,2008,98503
40,asian_pacific,0,2008,1174176
40,asian_pacific,1,2008,46007
40,black,0,2008,2732720
40,black,1,2008,143921
40,white,0,2008,14017340
40,white,1,2008,2988156
45,american_indian,0,2008,186718
45,american_indian,1,2008,82278
45,asian_pacific,0,2008,1100710
45,asian_pacific,1,2008,38777
45,black,0,2008,2804319
45,black,1,2008,124216
45,white,0,2008,15925481
45,white,1,2008,2558474
50,american_indian,0,2008,169828
50,american_indian,1,2008,63952
50,asian_pacific,0,2008,997473
50,asian_pacific,1,2008,29792
50,black,0,2008,2552612
50,black,1,2008,100395
50,white,0,2008,15705600
50,white,1,2008,2019822
55,american_indian,0,2008,136858
55,american_indian,1,2008,42983
55,asian_pacific,0,2008,847729
55,asian_pacific,1,2008,21063
55,black,0,2008,2069104
55,black,1,2008,72265
55,white,0,2008,14092292
55,white,1,2008,1532274
60,american_indian,0,2008,101732
60,american_indian,1,2008,28102
60,asian_pacific,0,2008,631009
60,asian_pacific,1,2008,14191
60,black,0,2008,1476775
60,black,1,2008,49652
60,white,0,2008,11924616
60,white,1,2008,1116418
65,american_indian,0,2008,70412
65,american_indian,1,2008,17402
65,asian_pacific,0,2008,458061
65,asian_pacific,1,2008,9452
65,black,0,2008,1087374
65,black,1,2008,34754
65,white,0,2008,9119712
65,white,1,2008,797180
70,american_indian,0,2008,47779
70,american_indian,1,2008,12038
70,asian_pacific,0,2008,342311
70,asian_pacific,1,2008,6699
70,black,0,2008,820009
70,black,1,2008,25549
70,white,0,2008,7053249
70,white,1,2008,603698
75,american_indian,0,2008,31628
75,american_indian,1,2008,8253
75,asian_pacific,0,2008,247696
75,asian_pacific,1,2008,4565
75,black,0,2008,601173
75,black,1,2008,17453
75,white,0,2008,5984242
75,white,1,2008,450733
80,american_indian,0,2008,19803
80,american_indian,1,2008,5099
80,asian_pacific,0,2008,163743
80,asian_pacific,1,2008,2845
80,black,0,2008,414255
80,black,1,2008,11158
80,white,0,2008,4813177
80,white,1,2008,300279
85,american_indian,0,2008,15250
85,american_indian,1,2008,3722
85,asian_pacific,0,2008,127452
85,asian_pacific,1,2008,2184
85,black,0,2008,355870
85,black,1,2008,8778
85,white,0,2008,4459159
85,white,1,2008,223425
0,american_indian,0,2009,208641
0,american_indian,1,2009,172088
0,asian_pacific,0,2009,1050706
0,asian_pacific,1,2009,104057
0,black,0,2009,3061222
0,black,1,2009,326086
0,white,0,2009,10823131
0,white,1,2009,4498587
5,american_indian,0,2009,203947
5,american_indian,1,2009,156811
5,asian_pacific,0,2009,1039380
5,asian_pacific,1,2009,85695
5,black,0,2009,3006755
5,black,1,2009,256249
5,white,0,2009,11289503
5,white,1,2009,4144159
10,american_indian,0,2009,212699
10,american_indian,1,2009,151711
10,asian_pacific,0,2009,996942
10,asian_pacific,1,2009,79532
10,black,0,2009,3166285
10,black,1,2009,245345
10,white,0,2009,11865427
10,white,1,2009,3942623
15,american_indian,0,2009,236072
15,american_indian,1,2009,155193
15,asian_pacific,0,2009,1071494
15,asian_pacific,1,2009,79693
15,black,0,2009,3557140
15,black,1,2009,248534
15,white,0,2009,12881088
15,white,1,2009,3963596
20,american_indian,0,2009,205783
20,american_indian,1,2009,148745
20,asian_pacific,0,2009,1206065
20,asian_pacific,1,2009,76609
20,black,0,2009,3076698
20,black,1,2009,231190
20,white,0,2009,12682067
20,white,1,2009,3756965
25,american_indian,0,2009,183401
25,american_indian,1,2009,147206
25,asian_pacific,0,2009,1355395
25,asian_pacific,1,2009,74618
25,black,0,2009,2800805
25,black,1,2009,225663
25,white,0,2009,12454023
25,white,1,2009,3837117
30,american_indian,0,2009,163720
30,american_indian,1,2009,134976
30,asian_pacific,0,2009,1338629
30,asian_pacific,1,2009,66970
30,black,0,2009,2563254
30,black,1,2009,201651
30,white,0,2009,11529602
30,white,1,2009,3646312
35,american_indian,0,2009,165170
35,american_indian,1,2009,121979
35,asian_pacific,0,2009,1377120
35,asian_pacific,1,2009,57410
35,black,0,2009,2647306
35,black,1,2009,170429
35,white,0,2009,12516659
35,white,1,2009,3451723
40,american_indian,0,2009,169574
40,american_indian,1,2009,105886
40,asian_pacific,0,2009,1207526
40,asian_pacific,1,2009,48987
40,black,0,2009,2676722
40,black,1,2009,148790
40,white,0,2009,13568761
40,white,1,2009,3053769
45,american_indian,0,2009,188031
45,american_indian,1,2009,90891
45,asian_pacific,0,2009,1142184
45,asian_pacific,1,2009,41865
45,black,0,2009,2827199
45,black,1,2009,131826
45,white,0,2009,15764662
45,white,1,2009,2675587
50,american_indian,0,2009,173413
50,american_indian,1,2009,71186
50,asian_pacific,0,2009,1030463
50,asian_pacific,1,2009,32544
50,black,0,2009,2629042
50,black,1,2009,106454
50,white,0,2009,15835973
50,white,1,2009,2125768
55,american_indian,0,2009,141199
55,american_indian,1,2009,48302
55,asian_pacific,0,2009,880922
55,asian_pacific,1,2009,23066
55,black,0,2009,2146187
55,black,1,2009,77403
55,white,0,2009,14348379
55,white,1,2009,1615145
60,american_indian,0,2009,107759
60,american_indian,1,2009,32108
60,asian_pacific,0,2009,685417
60,asian_pacific,1,2009,15872
60,black,0,2009,1584291
60,black,1,2009,54379
60,white,0,2009,12452894
60,white,1,2009,1192277
65,american_indian,0,2009,73779
65,american_indian,1,2009,19720
65,asian_pacific,0,2009,485353
65,asian_pacific,1,2009,10397
65,black,0,2009,1131014
65,black,1,2009,36860
65,white,0,2009,9494030
65,white,1,2009,841224
70,american_indian,0,2009,50093
70,american_indian,1,2009,13303
70,asian_pacific,0,2009,360178
70,asian_pacific,1,2009,7277
70,black,0,2009,834608
70,black,1,2009,27064
70,white,0,2009,7217009
70,white,1,2009,631190
75,american_indian,0,2009,32573
75,american_indian,1,2009,8974
75,asian_pacific,0,2009,257728
75,asian_pacific,1,2009,4915
75,black,0,2009,607582
75,black,1,2009,18334
75,white,0,2009,5901346
75,white,1,2009,463612
80,american_indian,0,2009,20261
80,american_indian,1,2009,5752
80,asian_pacific,0,2009,171212
80,asian_pacific,1,2009,3133
80,black,0,2009,418182
80,black,1,2009,11910
80,white,0,2009,4781508
80,white,1,2009,315753
85,american_indian,0,2009,16036
85,american_indian,1,2009,4233
85,asian_pacific,0,2009,137281
85,asian_pacific,1,2009,2396
85,black,0,2009,370523
85,black,1,2009,9468
85,white,0,2009,4587017
85,white,1,2009,240347
0,american_indian,0,2010,208069
0,american_indian,1,2010,184015
0,asian_pacific,0,2010,1054873
0,asian_pacific,1,2010,106787
0,black,0,2010,3078199
0,black,1,2010,327279
0,white,0,2010,10720170
0,white,1,2010,4509423
5,american_indian,0,2010,206274
5,american_indian,1,2010,171436
5,asian_pacific,0,2010,1075435
5,asian_pacific,1,2010,92630
5,black,0,2010,3013578
5,black,1,2010,280475
5,white,0,2010,11225612
5,white,1,2010,4265789
10,american_indian,0,2010,212420
10,american_indian,1,2010,160219
10,asian_pacific,0,2010,1020767
10,asian_pacific,1,2010,84206
10,black,0,2010,3148440
10,black,1,2010,256073
10,white,0,2010,11756675
10,white,1,2010,4041842
15,american_indian,0,2010,229420
15,american_indian,1,2010,162374
15,asian_pacific,0,2010,1088520
15,asian_pacific,1,2010,84130
15,black,0,2010,3505447
15,black,1,2010,257432
15,white,0,2010,12615902
15,white,1,2010,4037992
20,american_indian,0,2010,207598
20,american_indian,1,2010,157446
20,asian_pacific,0,2010,1244618
20,asian_pacific,1,2010,82416
20,black,0,2010,3175530
20,black,1,2010,248380
20,white,0,2010,12729638
20,white,1,2010,3855855
25,american_indian,0,2010,185286
25,american_indian,1,2010,155416
25,asian_pacific,0,2010,1364804
25,asian_pacific,1,2010,77743
25,black,0,2010,2803582
25,black,1,2010,231024
25,white,0,2010,12475893
25,white,1,2010,3849414
30,american_indian,0,2010,168737
30,american_indian,1,2010,144421
30,asian_pacific,0,2010,1356405
30,asian_pacific,1,2010,71716
30,black,0,2010,2649327
30,black,1,2010,212475
30,white,0,2010,11749454
30,white,1,2010,3715933
35,american_indian,0,2010,162574
35,american_indian,1,2010,129327
35,asian_pacific,0,2010,1397919
35,asian_pacific,1,2010,60447
35,black,0,2010,2602949
35,black,1,2010,175523
35,white,0,2010,12043363
35,white,1,2010,3505778
40,american_indian,0,2010,167313
40,american_indian,1,2010,113044
40,asian_pacific,0,2010,1256829
40,asian_pacific,1,2010,52481
40,black,0,2010,2659847
40,black,1,2010,155447
40,white,0,2010,13356351
40,white,1,2010,3142480
45,american_indian,0,2010,185762
45,american_indian,1,2010,97917
45,asian_pacific,0,2010,1166173
45,asian_pacific,1,2010,44416
45,black,0,2010,2820869
45,black,1,2010,137823
45,white,0,2010,15420198
45,white,1,2010,2762295
50,american_indian,0,2010,177470
50,american_indian,1,2010,78082
50,asian_pacific,0,2010,1064878
50,asian_pacific,1,2010,35428
50,black,0,2010,2703190
50,black,1,2010,112789
50,white,0,2010,15936734
50,white,1,2010,2243310
55,american_indian,0,2010,145664
55,american_indian,1,2010,53819
55,asian_pacific,0,2010,912830
55,asian_pacific,1,2010,25069
55,black,0,2010,2222623
55,black,1,2010,82828
55,white,0,2010,14646648
55,white,1,2010,1704492
60,american_indian,0,2010,114598
60,american_indian,1,2010,36168
60,asian_pacific,0,2010,747524
60,asian_pacific,1,2010,17701
60,black,0,2010,1709618
60,black,1,2010,60097
60,white,0,2010,13023864
60,white,1,2010,1279740
65,american_indian,0,2010,76685
65,american_indian,1,2010,22175
65,asian_pacific,0,2010,512405
65,asian_pacific,1,2010,11334
65,black,0,2010,1169426
65,black,1,2010,39254
65,white,0,2010,9801580
65,white,1,2010,887913
70,american_indian,0,2010,52329
70,american_indian,1,2010,14544
70,asian_pacific,0,2010,380537
70,asian_pacific,1,2010,7972
70,black,0,2010,856015
70,black,1,2010,28597
70,white,0,2010,7339806
70,white,1,2010,656293
75,american_indian,0,2010,33810
75,american_indian,1,2010,9706
75,asian_pacific,0,2010,268351
75,asian_pacific,1,2010,5323
75,black,0,2010,619441
75,black,1,2010,19442
75,white,0,2010,5883180
75,white,1,2010,480549
80,american_indian,0,2010,21024
80,american_indian,1,2010,6266
80,asian_pacific,0,2010,181017
80,asian_pacific,1,2010,3356
80,black,0,2010,426401
80,black,1,2010,12798
80,white,0,2010,4774147
80,white,1,2010,334198
85,american_indian,0,2010,16899
85,american_indian,1,2010,4795
85,asian_pacific,0,2010,148471
85,asian_pacific,1,2010,2659
85,black,0,2010,387732
85,black,1,2010,10205
85,white,0,2010,4712897
85,white,1,2010,259250
0,american_indian,0,2011,207086
0,american_indian,1,2011,182242
0,asian_pacific,0,2011,1059317
0,asian_pacific,1,2011,108021
0,black,0,2011,3078439
0,black,1,2011,330848
0,white,0,2011,10616942
0,white,1,2011,4540208
5,american_indian,0,2011,205994
5,american_indian,1,2011,175089
5,asian_pacific,0,2011,1093915
5,asian_pacific,1,2011,95533
5,black,0,2011,3009085
5,black,1,2011,290041
5,white,0,2011,11121620
5,white,1,2011,4341241
10,american_indian,0,2011,211724
10,american_indian,1,2011,162248
10,asian_pacific,0,2011,1047116
10,asian_pacific,1,2011,85706
10,black,0,2011,3151840
10,black,1,2011,263252
10,white,0,2011,11678164
10,white,1,2011,4112960
15,american_indian,0,2011,224246
15,american_indian,1,2011,161307
15,asian_pacific,0,2011,1091375
15,asian_pacific,1,2011,82937
15,black,0,2011,3418370
15,black,1,2011,255286
15,white,0,2011,12362718
15,white,1,2011,4062840
20,american_indian,0,2011,215457
20,american_indian,1,2011,159799
20,asian_pacific,0,2011,1297661
20,asian_pacific,1,2011,84818
20,black,0,2011,3329305
20,black,1,2011,257670
20,white,0,2011,12872399
20,white,1,2011,3943067
25,american_indian,0,2011,187357
25,american_indian,1,2011,156576
25,asian_pacific,0,2011,1406928
25,asian_pacific,1,2011,78327
25,black,0,2011,2839943
25,black,1,2011,235397
25,white,0,2011,12506837
25,white,1,2011,3870673
30,american_indian,0,2011,172348
30,american_indian,1,2011,147963
30,asian_pacific,0,2011,1398305
30,asian_pacific,1,2011,73807
30,black,0,2011,2717497
30,black,1,2011,220445
30,white,0,2011,12004918
30,white,1,2011,3780587
35,american_indian,0,2011,159444
35,american_indian,1,2011,131500
35,asian_pacific,0,2011,1414722
35,asian_pacific,1,2011,62090
35,black,0,2011,2544196
35,black,1,2011,182195
35,white,0,2011,11560987
35,white,1,2011,3545889
40,american_indian,0,2011,166925
40,american_indian,1,2011,116876
40,asian_pacific,0,2011,1313594
40,asian_pacific,1,2011,54624
40,black,0,2011,2671316
40,black,1,2011,160680
40,white,0,2011,13319498
40,white,1,2011,3234900
45,american_indian,0,2011,181403
45,american_indian,1,2011,100981
45,asian_pacific,0,2011,1193788
45,asian_pacific,1,2011,45878
45,black,0,2011,2791890
45,black,1,2011,142917
45,white,0,2011,14864133
45,white,1,2011,2843885
50,american_indian,0,2011,180211
50,american_indian,1,2011,81712
50,asian_pacific,0,2011,1084921
50,asian_pacific,1,2011,37138
50,black,0,2011,2737763
50,black,1,2011,117824
50,white,0,2011,15986768
50,white,1,2011,2339617
55,american_indian,0,2011,151168
55,american_indian,1,2011,58221
55,asian_pacific,0,2011,956001
55,asian_pacific,1,2011,27080
55,black,0,2011,2299236
55,black,1,2011,88659
55,white,0,2011,14877872
55,white,1,2011,1799797
60,american_indian,0,2011,121683
60,american_indian,1,2011,39362
60,asian_pacific,0,2011,795781
60,asian_pacific,1,2011,19161
60,black,0,2011,1828464
60,black,1,2011,64446
60,white,0,2011,13585066
60,white,1,2011,1359004
65,american_indian,0,2011,79734
65,american_indian,1,2011,24166
65,asian_pacific,0,2011,544411
65,asian_pacific,1,2011,12146
65,black,0,2011,1206402
65,black,1,2011,42617
65,white,0,2011,10028961
65,white,1,2011,940873
70,american_indian,0,2011,55079
70,american_indian,1,2011,15429
70,asian_pacific,0,2011,402321
70,asian_pacific,1,2011,8383
70,black,0,2011,879992
70,black,1,2011,29855
70,white,0,2011,7533898
70,white,1,2011,682545
75,american_indian,0,2011,35778
75,american_indian,1,2011,10240
75,asian_pacific,0,2011,283644
75,asian_pacific,1,2011,5636
75,black,0,2011,640324
75,black,1,2011,20646
75,white,0,2011,5892415
75,white,1,2011,498500
80,american_indian,0,2011,21827
80,american_indian,1,2011,6685
80,asian_pacific,0,2011,191770
80,asian_pacific,1,2011,3509
80,black,0,2011,430953
80,black,1,2011,13524
80,white,0,2011,4759740
80,white,1,2011,350417
85,american_indian,0,2011,18115
85,american_indian,1,2011,5238
85,asian_pacific,0,2011,162771
85,asian_pacific,1,2011,2901
85,black,0,2011,403825
85,black,1,2011,11086
85,white,0,2011,4813238
85,white,1,2011,283355
0,american_indian,0,2012,205375
0,american_indian,1,2012,181241
0,asian_pacific,0,2012,1066363
0,asian_pacific,1,2012,108499
0,black,0,2012,3058295
0,black,1,2012,333020
0,white,0,2012,10503875
0,white,1,2012,4519398
5,american_indian,0,2012,206932
5,american_indian,1,2012,179640
5,asian_pacific,0,2012,1121014
5,asian_pacific,1,2012,99441
5,black,0,2012,3041341
5,black,1,2012,302654
5,white,0,2012,11077117
5,white,1,2012,4439022
10,american_indian,0,2012,210213
10,american_indian,1,2012,164201
10,asian_pacific,0,2012,1068358
10,asian_pacific,1,2012,87275
10,black,0,2012,3134760
10,black,1,2012,269438
10,white,0,2012,11562391
10,white,1,2012,4173451
15,american_indian,0,2012,218187
15,american_indian,1,2012,160180
15,asian_pacific,0,2012,1103667
15,asian_pacific,1,2012,82662
15,black,0,2012,3335141
15,black,1,2012,255383
15,white,0,2012,12147479
15,white,1,2012,4067568
20,american_indian,0,2012,223714
20,american_indian,1,2012,163095
20,asian_pacific,0,2012,1340341
20,asian_pacific,1,2012,86317
20,black,0,2012,3470534
20,black,1,2012,266119
20,white,0,2012,12987685
20,white,1,2012,4049881
25,american_indian,0,2012,190288
25,american_indian,1,2012,156377
25,asian_pacific,0,2012,1440097
25,asian_pacific,1,2012,78964
25,black,0,2012,2888393
25,black,1,2012,238926
25,white,0,2012,12516495
25,white,1,2012,3877641
30,american_indian,0,2012,175034
30,american_indian,1,2012,151404
30,asian_pacific,0,2012,1455414
30,asian_pacific,1,2012,75692
30,black,0,2012,2772003
30,black,1,2012,228061
30,white,0,2012,12207697
30,white,1,2012,3845381
35,american_indian,0,2012,159511
35,american_indian,1,2012,134231
35,asian_pacific,0,2012,1427179
35,asian_pacific,1,2012,64717
35,black,0,2012,2534172
35,black,1,2012,190748
35,white,0,2012,11389726
35,white,1,2012,3594646
40,american_indian,0,2012,166298
40,american_indian,1,2012,120680
40,asian_pacific,0,2012,1380001
40,asian_pacific,1,2012,56550
40,black,0,2012,2681450
40,black,1,2012,165946
40,white,0,2012,13131423
40,white,1,2012,3324983
45,american_indian,0,2012,176323
45,american_indian,1,2012,103116
45,asian_pacific,0,2012,1214207
45,asian_pacific,1,2012,47205
45,black,0,2012,2747977
45,black,1,2012,147227
45,white,0,2012,14342069
45,white,1,2012,2911866
50,american_indian,0,2012,181430
50,american_indian,1,2012,85270
50,asian_pacific,0,2012,1108150
50,asian_pacific,1,2012,39086
50,black,0,2012,2749283
50,black,1,2012,122760
50,white,0,2012,15853323
50,white,1,2012,2436632
55,american_indian,0,2012,157233
55,american_indian,1,2012,63167
55,asian_pacific,0,2012,995264
55,asian_pacific,1,2012,29000
55,black,0,2012,2393661
55,black,1,2012,94979
55,white,0,2012,15132741
55,white,1,2012,1903194
60,american_indian,0,2012,123703
60,american_indian,1,2012,41763
60,asian_pacific,0,2012,829721
60,asian_pacific,1,2012,20228
60,black,0,2012,1885667
60,black,1,2012,68395
60,white,0,2012,13425752
60,white,1,2012,1416292
65,american_indian,0,2012,87468
65,american_indian,1,2012,26763
65,asian_pacific,0,2012,590392
65,asian_pacific,1,2012,13323
65,black,0,2012,1294819
65,black,1,2012,46504
65,white,0,2012,10906533
65,white,1,2012,1015588
70,american_indian,0,2012,58233
70,american_indian,1,2012,16451
70,asian_pacific,0,2012,427046
70,asian_pacific,1,2012,8862
70,black,0,2012,913579
70,black,1,2012,31330
70,white,0,2012,7843301
70,white,1,2012,712848
75,american_indian,0,2012,37632
75,american_indian,1,2012,10859
75,asian_pacific,0,2012,300632
75,asian_pacific,1,2012,5949
75,black,0,2012,657124
75,black,1,2012,22020
75,white,0,2012,5937941
75,white,1,2012,518116
80,american_indian,0,2012,22771
80,american_indian,1,2012,7102
80,asian_pacific,0,2012,202145
80,asian_pacific,1,2012,3750
80,black,0,2012,438840
80,black,1,2012,14135
80,white,0,2012,4723940
80,white,1,2012,364885
85,american_indian,0,2012,19555
85,american_indian,1,2012,5704
85,asian_pacific,0,2012,178160
85,asian_pacific,1,2012,3135
85,black,0,2012,420541
85,black,1,2012,12033
85,white,0,2012,4928181
85,white,1,2012,307949
0,american_indian,0,2013,203747
0,american_indian,1,2013,179889
0,asian_pacific,0,2013,1079404
0,asian_pacific,1,2013,109208
0,black,0,2013,3037814
0,black,1,2013,334631
0,white,0,2013,10410122
0,white,1,2013,4494399
5,american_indian,0,2013,208078
5,american_indian,1,2013,182966
5,asian_pacific,0,2013,1141176
5,asian_pacific,1,2013,102707
5,black,0,2013,3084789
5,black,1,2013,315779
5,white,0,2013,11007239
5,white,1,2013,4524618
10,american_indian,0,2013,207892
10,american_indian,1,2013,166764
10,asian_pacific,0,2013,1101542
10,asian_pacific,1,2013,89348
10,black,0,2013,3106254
10,black,1,2013,275865
10,white,0,2013,11464563
10,white,1,2013,4239072
15,american_indian,0,2013,214197
15,american_indian,1,2013,159876
15,asian_pacific,0,2013,1122262
15,asian_pacific,1,2013,83402
15,black,0,2013,3265340
15,black,1,2013,258200
15,white,0,2013,11988514
15,white,1,2013,4087134
20,american_indian,0,2013,228867
20,american_indian,1,2013,164947
20,asian_pacific,0,2013,1367063
20,asian_pacific,1,2013,86869
20,black,0,2013,3571712
20,black,1,2013,270843
20,white,0,2013,12987215
20,white,1,2013,4137189
25,american_indian,0,2013,193592
25,american_indian,1,2013,156743
25,asian_pacific,0,2013,1482448
25,asian_pacific,1,2013,79896
25,black,0,2013,2961851
25,black,1,2013,243907
25,white,0,2013,12554344
25,white,1,2013,3900113
30,american_indian,0,2013,179072
30,american_indian,1,2013,154398
30,asian_pacific,0,2013,1515759
30,asian_pacific,1,2013,77443
30,black,0,2013,2820383
30,black,1,2013,234851
30,white,0,2013,12386547
30,white,1,2013,3902841
35,american_indian,0,2013,160201
35,american_indian,1,2013,137370
35,asian_pacific,0,2013,1440510
35,asian_pacific,1,2013,67068
35,black,0,2013,2550054
35,black,1,2013,199783
35,white,0,2013,11409771
35,white,1,2013,3646363
40,american_indian,0,2013,164940
40,american_indian,1,2013,123786
40,asian_pacific,0,2013,1428279
40,asian_pacific,1,2013,58249
40,black,0,2013,2672339
40,black,1,2013,170799
40,white,0,2013,12833351
40,white,1,2013,3398518
45,american_indian,0,2013,170921
45,american_indian,1,2013,105701
45,asian_pacific,0,2013,1233497
45,asian_pacific,1,2013,48623
45,black,0,2013,2701179
45,black,1,2013,151428
45,white,0,2013,13817004
45,white,1,2013,2983371
50,american_indian,0,2013,181927
50,american_indian,1,2013,89395
50,asian_pacific,0,2013,1144590
50,asian_pacific,1,2013,41037
50,black,0,2013,2762437
50,black,1,2013,128187
50,white,0,2013,15666095
50,white,1,2013,2539327
55,american_indian,0,2013,162157
55,american_indian,1,2013,67314
55,asian_pacific,0,2013,1032013
55,asian_pacific,1,2013,30813
55,black,0,2013,2470076
55,black,1,2013,100966
55,white,0,2013,15317072
55,white,1,2013,1996855
60,american_indian,0,2013,127772
60,american_indian,1,2013,44742
60,asian_pacific,0,2013,863884
60,asian_pacific,1,2013,21453
60,black,0,2013,1945963
60,black,1,2013,72563
60,white,0,2013,13548651
60,white,1,2013,1485131
65,american_indian,0,2013,93336
65,american_indian,1,2013,29206
65,asian_pacific,0,2013,642488
65,asian_pacific,1,2013,14551
65,black,0,2013,1375536
65,black,1,2013,50041
65,white,0,2013,11303689
65,white,1,2013,1085128
70,american_indian,0,2013,61721
70,american_indian,1,2013,17767
70,asian_pacific,0,2013,450574
70,asian_pacific,1,2013,9421
70,black,0,2013,957242
70,black,1,2013,33658
70,white,0,2013,8319153
70,white,1,2013,751097
75,american_indian,0,2013,39803
75,american_indian,1,2013,11623
75,asian_pacific,0,2013,317994
75,asian_pacific,1,2013,6412
75,black,0,2013,674678
75,black,1,2013,23388
75,white,0,2013,6059418
75,white,1,2013,542541
80,american_indian,0,2013,24026
80,american_indian,1,2013,7366
80,asian_pacific,0,2013,213831
80,asian_pacific,1,2013,3935
80,black,0,2013,449416
80,black,1,2013,14814
80,white,0,2013,4669272
80,white,1,2013,375940
85,american_indian,0,2013,20938
85,american_indian,1,2013,6214
85,asian_pacific,0,2013,193965
85,asian_pacific,1,2013,3376
85,black,0,2013,434111
85,black,1,2013,13011
85,white,0,2013,5004552
85,white,1,2013,333286
0,american_indian,0,2014,203158
0,american_indian,1,2014,180680
0,asian_pacific,0,2014,1099819
0,asian_pacific,1,2014,110113
0,black,0,2014,3040933
0,black,1,2014,338915
0,white,0,2014,10393909
0,white,1,2014,4504826
5,american_indian,0,2014,207469
5,american_indian,1,2014,184614
5,asian_pacific,0,2014,1152074
5,asian_pacific,1,2014,105481
5,black,0,2014,3105097
5,black,1,2014,326149
5,white,0,2014,10867557
5,white,1,2014,4566613
10,american_indian,0,2014,206490
10,american_indian,1,2014,169690
10,asian_pacific,0,2014,1139168
10,asian_pacific,1,2014,91334
10,black,0,2014,3085946
10,black,1,2014,282626
10,white,0,2014,11378123
10,white,1,2014,4312698
15,american_indian,0,2014,211326
15,american_indian,1,2014,160702
15,asian_pacific,0,2014,1140478
15,asian_pacific,1,2014,84443
15,black,0,2014,3211569
15,black,1,2014,262441
15,white,0,2014,11862183
15,white,1,2014,4121463
20,american_indian,0,2014,230668
20,american_indian,1,2014,166321
20,asian_pacific,0,2014,1386297
20,asian_pacific,1,2014,86989
20,black,0,2014,3610505
20,black,1,2014,273886
20,white,0,2014,12901013
20,white,1,2014,4221407
25,american_indian,0,2014,199236
25,american_indian,1,2014,157861
25,asian_pacific,0,2014,1545369
25,asian_pacific,1,2014,81605
25,black,0,2014,3087317
25,black,1,2014,252008
25,white,0,2014,12685200
25,white,1,2014,3946897
30,american_indian,0,2014,181930
30,american_indian,1,2014,156529
30,asian_pacific,0,2014,1574920
30,asian_pacific,1,2014,78694
30,black,0,2014,2844807
30,black,1,2014,238979
30,white,0,2014,12480865
30,white,1,2014,3948586
35,american_indian,0,2014,162263
35,american_indian,1,2014,140294
35,asian_pacific,0,2014,1468888
35,asian_pacific,1,2014,69641
35,black,0,2014,2603134
35,black,1,2014,209672
35,white,0,2014,11533175
35,white,1,2014,3694151
40,american_indian,0,2014,162548
40,american_indian,1,2014,126663
40,asian_pacific,0,2014,1464585
40,asian_pacific,1,2014,59505
40,black,0,2014,2651394
40,black,1,2014,176194
40,white,0,2014,12432071
40,white,1,2014,3468688
45,american_indian,0,2014,166324
45,american_indian,1,2014,108154
45,asian_pacific,0,2014,1265458
45,asian_pacific,1,2014,50258
45,black,0,2014,2647184
45,black,1,2014,154429
45,white,0,2014,13394073
45,white,1,2014,3046173
50,american_indian,0,2014,182102
50,american_indian,1,2014,93363
50,asian_pacific,0,2014,1184301
50,asian_pacific,1,2014,42768
50,black,0,2014,2767910
50,black,1,2014,134472
50,white,0,2014,15470727
50,white,1,2014,2643386
55,american_indian,0,2014,165920
55,american_indian,1,2014,71702
55,asian_pacific,0,2014,1061548
55,asian_pacific,1,2014,32839
55,black,0,2014,2533678
55,black,1,2014,106585
55,white,0,2014,15400800
55,white,1,2014,2091860
60,american_indian,0,2014,132453
60,american_indian,1,2014,48035
60,asian_pacific,0,2014,899193
60,asian_pacific,1,2014,22914
60,black,0,2014,2016499
60,black,1,2014,77425
60,white,0,2014,13768111
60,white,1,2014,1567150
65,american_indian,0,2014,99472
65,american_indian,1,2014,31829
65,asian_pacific,0,2014,696748
65,asian_pacific,1,2014,15828
65,black,0,2014,1468260
65,black,1,2014,54163
65,white,0,2014,11777836
65,white,1,2014,1155634
70,american_indian,0,2014,65447
70,american_indian,1,2014,19361
70,asian_pacific,0,2014,478674
70,asian_pacific,1,2014,10011
70,black,0,2014,998396
70,black,1,2014,35630
70,white,0,2014,8660661
70,white,1,2014,791359
75,american_indian,0,2014,42169
75,american_indian,1,2014,12377
75,asian_pacific,0,2014,337862
75,asian_pacific,1,2014,6791
75,black,0,2014,694429
75,black,1,2014,24966
75,white,0,2014,6224457
75,white,1,2014,568388
80,american_indian,0,2014,25199
80,american_indian,1,2014,7747
80,asian_pacific,0,2014,225058
80,asian_pacific,1,2014,4116
80,black,0,2014,460811
80,black,1,2014,15531
80,white,0,2014,4624934
80,white,1,2014,387997
85,american_indian,0,2014,22324
85,american_indian,1,2014,6726
85,asian_pacific,0,2014,210840
85,asian_pacific,1,2014,3643
85,black,0,2014,448955
85,black,1,2014,14081
85,white,0,2014,5081095
85,white,1,2014,359980
0,american_indian,0,2015,201566
0,american_indian,1,2015,181776
0,asian_pacific,0,2015,1125786
0,asian_pacific,1,2015,111725
0,black,0,2015,3050918
0,black,1,2015,343671
0,white,0,2015,10387688
0,white,1,2015,4514975
5,american_indian,0,2015,206602
5,american_indian,1,2015,185289
5,asian_pacific,0,2015,1165172
5,asian_pacific,1,2015,107809
5,black,0,2015,3116961
5,black,1,2015,334258
5,white,0,2015,10753086
5,white,1,2015,4607566
10,american_indian,0,2015,204718
10,american_indian,1,2015,172771
10,asian_pacific,0,2015,1166947
10,asian_pacific,1,2015,93810
10,black,0,2015,3054444
10,black,1,2015,289933
10,white,0,2015,11244180
10,white,1,2015,4378084
15,american_indian,0,2015,210993
15,american_indian,1,2015,163315
15,asian_pacific,0,2015,1168103
15,asian_pacific,1,2015,85563
15,black,0,2015,3203947
15,black,1,2015,268894
15,white,0,2015,11788346
15,white,1,2015,4194009
20,american_indian,0,2015,228104
20,american_indian,1,2015,166434
20,asian_pacific,0,2015,1398308
20,asian_pacific,1,2015,86457
20,black,0,2015,3571025
20,black,1,2015,273409
20,white,0,2015,12686904
20,white,1,2015,4261791
25,american_indian,0,2015,206474
25,american_indian,1,2015,160160
25,asian_pacific,0,2015,1613947
25,asian_pacific,1,2015,84150
25,black,0,2015,3236571
25,black,1,2015,261924
25,white,0,2015,12826829
25,white,1,2015,4024807
30,american_indian,0,2015,183369
30,american_indian,1,2015,156850
30,asian_pacific,0,2015,1630058
30,asian_pacific,1,2015,78906
30,black,0,2015,2859050
30,black,1,2015,242084
30,white,0,2015,12521156
30,white,1,2015,3966445
35,american_indian,0,2015,166140
35,american_indian,1,2015,144850
35,asian_pacific,0,2015,1512116
35,asian_pacific,1,2015,72637
35,black,0,2015,2681069
35,black,1,2015,221060
35,white,0,2015,11737033
35,white,1,2015,3782013
40,american_indian,0,2015,159747
40,american_indian,1,2015,128973
40,asian_pacific,0,2015,1492565
40,asian_pacific,1,2015,60838
40,black,0,2015,2609668
40,black,1,2015,181831
40,white,0,2015,11985100
40,white,1,2015,3528367
45,american_indian,0,2015,163397
45,american_indian,1,2015,112024
45,asian_pacific,0,2015,1318521
45,asian_pacific,1,2015,52416
45,black,0,2015,2632813
45,black,1,2015,159098
45,white,0,2015,13205243
45,white,1,2015,3133666
50,american_indian,0,2015,179741
50,american_indian,1,2015,96419
50,asian_pacific,0,2015,1206102
50,asian_pacific,1,2015,44299
50,black,0,2015,2753690
50,black,1,2015,139413
50,white,0,2015,15113799
50,white,1,2015,2730791
55,american_indian,0,2015,169860
55,american_indian,1,2015,76309
55,asian_pacific,0,2015,1094561
55,asian_pacific,1,2015,35072
55,black,0,2015,2593246
55,black,1,2015,112799
55,white,0,2015,15462272
55,white,1,2015,2198494
60,american_indian,0,2015,137446
60,american_indian,1,2015,52030
60,asian_pacific,0,2015,935029
60,asian_pacific,1,2015,24551
60,black,0,2015,2088627
60,black,1,2015,82370
60,white,0,2015,14039705
60,white,1,2015,1659050
65,american_indian,0,2015,106061
65,american_indian,1,2015,34749
65,asian_pacific,0,2015,757189
65,asian_pacific,1,2015,17107
65,black,0,2015,1569953
65,black,1,2015,59010
65,white,0,2015,12258779
65,white,1,2015,1232172
70,american_indian,0,2015,68665
70,american_indian,1,2015,20893
70,asian_pacific,0,2015,507890
70,asian_pacific,1,2015,10668
70,black,0,2015,1037475
70,black,1,2015,37978
70,white,0,2015,8942568
70,white,1,2015,837505
75,american_indian,0,2015,44553
75,american_indian,1,2015,13197
75,asian_pacific,0,2015,360391
75,asian_pacific,1,2015,7300
75,black,0,2015,717945
75,black,1,2015,26450
75,white,0,2015,6346769
75,white,1,2015,592945
80,american_indian,0,2015,26592
80,american_indian,1,2015,8152
80,asian_pacific,0,2015,236649
80,asian_pacific,1,2015,4441
80,black,0,2015,474220
80,black,1,2015,16490
80,white,0,2015,4620277
80,white,1,2015,402965
85,american_indian,0,2015,24024
85,american_indian,1,2015,7367
85,asian_pacific,0,2015,229725
85,asian_pacific,1,2015,3894
85,black,0,2015,465007
85,black,1,2015,15198
85,white,0,2015,5135312
85,white,1,2015,389171
0,american_indian,0,2016,199134
0,american_indian,1,2016,184826
0,asian_pacific,0,2016,1151744
0,asian_pacific,1,2016,114128
0,black,0,2016,3054889
0,black,1,2016,348749
0,white,0,2016,10354229
0,white,1,2016,4514666
5,american_indian,0,2016,205758
5,american_indian,1,2016,183760
5,asian_pacific,0,2016,1173810
5,asian_pacific,1,2016,108923
5,black,0,2016,3121587
5,black,1,2016,338516
5,white,0,2016,10653724
5,white,1,2016,4646318
10,american_indian,0,2016,204481
10,american_indian,1,2016,176621
10,asian_pacific,0,2016,1186223
10,asian_pacific,1,2016,96820
10,black,0,2016,3051448
10,black,1,2016,299746
10,white,0,2016,11143005
10,white,1,2016,4462336
15,american_indian,0,2016,210331
15,american_indian,1,2016,165619
15,asian_pacific,0,2016,1198218
15,asian_pacific,1,2016,87284
15,black,0,2016,3209274
15,black,1,2016,276650
15,white,0,2016,11711481
15,white,1,2016,4276671
20,american_indian,0,2016,222925
20,american_indian,1,2016,165791
20,asian_pacific,0,2016,1410432
20,asian_pacific,1,2016,85316
20,black,0,2016,3486513
20,black,1,2016,271251
20,white,0,2016,12432828
20,white,1,2016,4283492
25,american_indian,0,2016,214686
25,american_indian,1,2016,163112
25,asian_pacific,0,2016,1682727
25,asian_pacific,1,2016,86855
25,black,0,2016,3396350
25,black,1,2016,272493
25,white,0,2016,12978364
25,white,1,2016,4124012
30,american_indian,0,2016,185706
30,american_indian,1,2016,158056
30,asian_pacific,0,2016,1687181
30,asian_pacific,1,2016,79657
30,black,0,2016,2900335
30,black,1,2016,246920
30,white,0,2016,12563698
30,white,1,2016,4003364
35,american_indian,0,2016,169872
35,american_indian,1,2016,148449
35,asian_pacific,0,2016,1561735
35,asian_pacific,1,2016,74932
35,black,0,2016,2752022
35,black,1,2016,229480
35,white,0,2016,11996318
35,white,1,2016,3858168
40,american_indian,0,2016,156555
40,american_indian,1,2016,131189
40,asian_pacific,0,2016,1513741
40,asian_pacific,1,2016,62629
40,black,0,2016,2554225
40,black,1,2016,189070
40,white,0,2016,11507658
40,white,1,2016,3579078
45,american_indian,0,2016,163061
45,american_indian,1,2016,115921
45,asian_pacific,0,2016,1375510
45,asian_pacific,1,2016,54708
45,black,0,2016,2646563
45,black,1,2016,164506
45,white,0,2016,13173550
45,white,1,2016,3230859
50,american_indian,0,2016,175472
50,american_indian,1,2016,99504
50,asian_pacific,0,2016,1233249
50,asian_pacific,1,2016,45692
50,black,0,2016,2726897
50,black,1,2016,144698
50,white,0,2016,14571544
50,white,1,2016,2814853
55,american_indian,0,2016,172565
55,american_indian,1,2016,79903
55,asian_pacific,0,2016,1115991
55,asian_pacific,1,2016,36810
55,black,0,2016,2628015
55,black,1,2016,117634
55,white,0,2016,15507500
55,white,1,2016,2293926
60,american_indian,0,2016,142752
60,american_indian,1,2016,56368
60,asian_pacific,0,2016,979194
60,asian_pacific,1,2016,26476
60,black,0,2016,2160913
60,black,1,2016,88238
60,white,0,2016,14254594
60,white,1,2016,1751738
65,american_indian,0,2016,112490
65,american_indian,1,2016,37790
65,asian_pacific,0,2016,805753
65,asian_pacific,1,2016,18523
65,black,0,2016,1677689
65,black,1,2016,63237
65,white,0,2016,12783582
65,white,1,2016,1308392
70,american_indian,0,2016,71652
70,american_indian,1,2016,22803
70,asian_pacific,0,2016,539250
70,asian_pacific,1,2016,11470
70,black,0,2016,1072086
70,black,1,2016,41157
70,white,0,2016,9155304
70,white,1,2016,888803
75,american_indian,0,2016,47171
75,american_indian,1,2016,13985
75,asian_pacific,0,2016,381163
75,asian_pacific,1,2016,7688
75,black,0,2016,740578
75,black,1,2016,27775
75,white,0,2016,6528651
75,white,1,2016,618654
80,american_indian,0,2016,28330
80,american_indian,1,2016,8615
80,asian_pacific,0,2016,251029
80,asian_pacific,1,2016,4702
80,black,0,2016,492287
80,black,1,2016,17607
80,white,0,2016,4642959
80,white,1,2016,419846
85,american_indian,0,2016,25497
85,american_indian,1,2016,8001
85,asian_pacific,0,2016,247662
85,asian_pacific,1,2016,4190
85,black,0,2016,478360
85,black,1,2016,16273
85,white,0,2016,5186498
85,white,1,2016,416482
0,american_indian,0,2017,197098
0,american_indian,1,2017,184749
0,asian_pacific,0,2017,1165698
0,asian_pacific,1,2017,115683
0,black,0,2017,3050509
0,black,1,2017,351105
0,white,0,2017,10309085
0,white,1,2017,4518040
5,american_indian,0,2017,204164
5,american_indian,1,2017,183095
5,asian_pacific,0,2017,1183649
5,asian_pacific,1,2017,109465
5,black,0,2017,3105109
5,black,1,2017,341075
5,white,0,2017,10543517
5,white,1,2017,4634863
10,american_indian,0,2017,205503
10,american_indian,1,2017,181336
10,asian_pacific,0,2017,1212082
10,asian_pacific,1,2017,100584
10,black,0,2017,3085328
10,black,1,2017,312633
10,white,0,2017,11100940
10,white,1,2017,4567388
15,american_indian,0,2017,208939
15,american_indian,1,2017,167783
15,asian_pacific,0,2017,1219100
15,asian_pacific,1,2017,88921
15,black,0,2017,3193256
15,black,1,2017,283049
15,white,0,2017,11595835
15,white,1,2017,4346449
20,american_indian,0,2017,216818
20,american_indian,1,2017,165064
20,asian_pacific,0,2017,1424383
20,asian_pacific,1,2017,85016
20,black,0,2017,3403779
20,black,1,2017,271421
20,white,0,2017,12210994
20,white,1,2017,4288189
25,american_indian,0,2017,222462
25,american_indian,1,2017,166677
25,asian_pacific,0,2017,1731636
25,asian_pacific,1,2017,88373
25,black,0,2017,3535874
25,black,1,2017,280941
25,white,0,2017,13073646
25,white,1,2017,4236566
30,american_indian,0,2017,188490
30,american_indian,1,2017,158044
30,asian_pacific,0,2017,1727047
30,asian_pacific,1,2017,80277
30,black,0,2017,2948486
30,black,1,2017,250868
30,white,0,2017,12565575
30,white,1,2017,4019656
35,american_indian,0,2017,172394
35,american_indian,1,2017,152043
35,asian_pacific,0,2017,1624117
35,asian_pacific,1,2017,76675
35,black,0,2017,2806569
35,black,1,2017,237260
35,white,0,2017,12190626
35,white,1,2017,3930770
40,american_indian,0,2017,156518
40,american_indian,1,2017,133917
40,asian_pacific,0,2017,1528226
40,asian_pacific,1,2017,65162
40,black,0,2017,2543055
40,black,1,2017,197788
40,white,0,2017,11330505
40,white,1,2017,3635581
45,american_indian,0,2017,162292
45,american_indian,1,2017,119709
45,asian_pacific,0,2017,1441145
45,asian_pacific,1,2017,56603
45,black,0,2017,2656642
45,black,1,2017,170183
45,white,0,2017,12984893
45,white,1,2017,3324719
50,american_indian,0,2017,170505
50,american_indian,1,2017,101701
50,asian_pacific,0,2017,1252278
50,asian_pacific,1,2017,47000
50,black,0,2017,2684343
50,black,1,2017,148936
50,white,0,2017,14058541
50,white,1,2017,2884271
55,american_indian,0,2017,173781
55,american_indian,1,2017,83440
55,asian_pacific,0,2017,1138508
55,asian_pacific,1,2017,38735
55,black,0,2017,2640067
55,black,1,2017,122459
55,white,0,2017,15372858
55,white,1,2017,2390062
60,american_indian,0,2017,148400
60,american_indian,1,2017,61215
60,asian_pacific,0,2017,1018046
60,asian_pacific,1,2017,28363
60,black,0,2017,2249182
60,black,1,2017,94417
60,white,0,2017,14490275
60,white,1,2017,1852111
65,american_indian,0,2017,114476
65,american_indian,1,2017,40089
65,asian_pacific,0,2017,839883
65,asian_pacific,1,2017,19622
65,black,0,2017,1727533
65,black,1,2017,67044
65,white,0,2017,12630645
65,white,1,2017,1363708
70,american_indian,0,2017,78877
70,american_indian,1,2017,25342
70,asian_pacific,0,2017,584122
70,asian_pacific,1,2017,12649
70,black,0,2017,1151958
70,black,1,2017,44843
70,white,0,2017,9971737
70,white,1,2017,960155
75,american_indian,0,2017,50005
75,american_indian,1,2017,14985
75,asian_pacific,0,2017,404312
75,asian_pacific,1,2017,8116
75,black,0,2017,769785
75,black,1,2017,29080
75,white,0,2017,6806311
75,white,1,2017,647934
80,american_indian,0,2017,29893
80,american_indian,1,2017,9138
80,asian_pacific,0,2017,266430
80,asian_pacific,1,2017,5021
80,black,0,2017,505965
80,black,1,2017,18825
80,white,0,2017,4687170
80,white,1,2017,437856
85,american_indian,0,2017,27126
85,american_indian,1,2017,8598
85,asian_pacific,0,2017,265902
85,asian_pacific,1,2017,4498
85,black,0,2017,491936
85,black,1,2017,17353
85,white,0,2017,5212830
85,white,1,2017,442171
0,american_indian,0,2018,194733
0,american_indian,1,2018,185367
0,asian_pacific,0,2018,1166063
0,asian_pacific,1,2018,116274
0,black,0,2018,3038979
0,black,1,2018,351795
0,white,0,2018,10238527
0,white,1,2018,4518537
5,american_indian,0,2018,202554
5,american_indian,1,2018,181977
5,asian_pacific,0,2018,1198310
5,asian_pacific,1,2018,110171
5,black,0,2018,3086854
5,black,1,2018,343603
5,white,0,2018,10451517
5,white,1,2018,4620656
10,american_indian,0,2018,206839
10,american_indian,1,2018,184888
10,asian_pacific,0,2018,1231408
10,asian_pacific,1,2018,103877
10,black,0,2018,3130290
10,black,1,2018,326640
10,white,0,2018,11032242
10,white,1,2018,4663343
15,american_indian,0,2018,206659
15,american_indian,1,2018,170656
15,asian_pacific,0,2018,1251326
15,asian_pacific,1,2018,91112
15,black,0,2018,3165688
15,black,1,2018,289768
15,white,0,2018,11498464
15,white,1,2018,4423548
20,american_indian,0,2018,212596
20,american_indian,1,2018,165248
20,asian_pacific,0,2018,1440873
20,asian_pacific,1,2018,85765
20,black,0,2018,3334786
20,black,1,2018,274529
20,white,0,2018,12046152
20,white,1,2018,4313630
25,american_indian,0,2018,227247
25,american_indian,1,2018,168622
25,asian_pacific,0,2018,1760553
25,asian_pacific,1,2018,88899
25,black,0,2018,3635494
25,black,1,2018,286511
25,white,0,2018,13061087
25,white,1,2018,4333343
30,american_indian,0,2018,191550
30,american_indian,1,2018,158602
30,asian_pacific,0,2018,1773702
30,asian_pacific,1,2018,81360
30,black,0,2018,3022597
30,black,1,2018,256932
30,white,0,2018,12596378
30,white,1,2018,4054897
35,american_indian,0,2018,176198
35,american_indian,1,2018,155201
35,asian_pacific,0,2018,1689959
35,asian_pacific,1,2018,78333
35,black,0,2018,2855917
35,black,1,2018,244421
35,white,0,2018,12362731
35,white,1,2018,4000827
40,american_indian,0,2018,157180
40,american_indian,1,2018,137025
40,asian_pacific,0,2018,1543560
40,asian_pacific,1,2018,67606
40,black,0,2018,2558636
40,black,1,2018,207132
40,white,0,2018,11346595
40,white,1,2018,3696567
45,american_indian,0,2018,161083
45,american_indian,1,2018,122838
45,asian_pacific,0,2018,1489208
45,asian_pacific,1,2018,58263
45,black,0,2018,2647910
45,black,1,2018,175721
45,white,0,2018,12688017
45,white,1,2018,3404095
50,american_indian,0,2018,165301
50,american_indian,1,2018,104330
50,asian_pacific,0,2018,1270321
50,asian_pacific,1,2018,48401
50,black,0,2018,2639326
50,black,1,2018,153114
50,white,0,2018,13544968
50,white,1,2018,2958803
55,american_indian,0,2018,174263
55,american_indian,1,2018,87599
55,asian_pacific,0,2018,1174022
55,asian_pacific,1,2018,40690
55,black,0,2018,2653390
55,black,1,2018,128073
55,white,0,2018,15189511
55,white,1,2018,2493437
60,american_indian,0,2018,153173
60,american_indian,1,2018,65334
60,asian_pacific,0,2018,1054279
60,asian_pacific,1,2018,30168
60,black,0,2018,2320833
60,black,1,2018,100350
60,white,0,2018,14662732
60,white,1,2018,1944782
65,american_indian,0,2018,118248
65,american_indian,1,2018,43015
65,asian_pacific,0,2018,873999
65,asian_pacific,1,2018,20787
65,black,0,2018,1781906
65,black,1,2018,71215
65,white,0,2018,12746710
65,white,1,2018,1431013
70,american_indian,0,2018,84245
70,american_indian,1,2018,27687
70,asian_pacific,0,2018,634768
70,asian_pacific,1,2018,13792
70,black,0,2018,1224760
70,black,1,2018,48282
70,white,0,2018,10344996
70,white,1,2018,1026893
75,american_indian,0,2018,53254
75,american_indian,1,2018,16212
75,asian_pacific,0,2018,426521
75,asian_pacific,1,2018,8624
75,black,0,2018,808598
75,black,1,2018,31229
75,white,0,2018,7237918
75,white,1,2018,684710
80,american_indian,0,2018,31766
80,american_indian,1,2018,9759
80,asian_pacific,0,2018,282301
80,asian_pacific,1,2018,5399
80,black,0,2018,521357
80,black,1,2018,20160
80,white,0,2018,4796285
80,white,1,2018,460281
85,american_indian,0,2018,28950
85,american_indian,1,2018,9089
85,asian_pacific,0,2018,285572
85,asian_pacific,1,2018,4798
85,black,0,2018,507505
85,black,1,2018,18545
85,white,0,2018,5223448
85,white,1,2018,466596
